Model,Group Type,Group,mean,std
Original Model,Race,African American,0.9688395073640662,0.05244390036694717
Original Model,Race,Baseline,0.9706367539007092,0.05296220940552656
Original Model,Race,European American,0.9675497250945626,0.053214978341504196
Original Model,Gender,Baseline,0.9702556906382979,0.05124955048474327
Original Model,Gender,Female,0.9687357296528556,0.05273985679062393
Original Model,Gender,Male,0.9679306258902576,0.053033174527364293
Spanish Back-Trans,Race,African American,0.9623708350827423,0.06099378946584276
Spanish Back-Trans,Race,Baseline,0.958123554751773,0.07211755613852133
Spanish Back-Trans,Race,European American,0.9623523444089834,0.06216551729010186
Spanish Back-Trans,Gender,Baseline,0.9586236417021277,0.07318429427215244
Spanish Back-Trans,Gender,Female,0.9619880722508399,0.06178296811533913
Spanish Back-Trans,Gender,Male,0.9622626779283314,0.06253041849888691
Danish Back-Trans,Race,African American,0.9560075667612293,0.07467363945014835
Danish Back-Trans,Race,Baseline,0.9586735229787233,0.0676402275145222
Danish Back-Trans,Race,European American,0.9565022500472813,0.07445974940982719
Danish Back-Trans,Gender,Baseline,0.9557893836170213,0.06834767923259126
Danish Back-Trans,Gender,Female,0.9558725888241881,0.07556577033925506
Danish Back-Trans,Gender,Male,0.957043615800672,0.07281290595585266
