Timestamp,"On a scale of 1–5, how familiar are you with the development of AI systems?","On a scale of 1–5, how familiar are you with issues related to fairness in AI systems?","On a scale of 1 to 5, based on the example above, how would you rate the workflow with respect to correctness?","On a scale of 1 to 5, based on the example above, how would you rate the workflow with respect to correctness?","On a scale of 1 to 5, based on the above two examples from workflow 1. how would you rate the overall workflow with respect to correctness?","On a scale of 1 to 5, based on the example above, how would you rate the workflow with respect to correctness?","On a scale of 1 to 5, based on the example above, how would you rate the workflow with respect to correctness?","On a scale of 1 to 5, based on the above two examples from workflow 2. how would you rate the overall workflow with respect to correctness?","On a scale of 1 to 5, based on the example above, how would you rate the workflow with respect to correctness?","On a scale of 1 to 5, based on the example above, how would you rate the workflow with respect to correctness?","On a scale of 1 to 5, based on the above two examples from workflow 3. how would you rate the overall workflow with respect to correctness?","On a scale of 1-5, to what extent do you agree with the scores provided by our automated ranking method?","On a scale of 1-5, how confident are you in your choice?","On a scale of 1 to 5, based on the examples above, how would you rate the workflow with respect to fairness?","On a scale of 1 to 5, based on the examples above, how would you rate the workflow with respect to fairness?","On a scale of 1 to 5, based on the examples above, how would you rate the workflow with respect to fairness?","On a scale of 1-5, to what extent do you agree with the scores provided by our automated rating method?","On a scale of 1-5, how confident are you in your choice?","Based on the example provided, which workflow performed better in terms of efficiency?","Based on the example provided, which workflow performed better in terms of efficiency?","On a scale of 1-5, to what extent do you agree with the scores provided by our automated ranking method?","On a scale of 1-5, how confident are you in your choice?"
1/6/2026 21:51:37,"Extensive experience, for the rest",5,2,5,4,2,4,4,4,4,4,4,4,4,4,4,4,4,Workflow 2,Workflow 1,4,4
1/6/2026 23:46:54,"Little experience (e.g., taken one course or a tutorial)",3,4,4,4,3,4,4,4,4,4,3,3,4,3,4,3,3,Workflow 2,Workflow 1,3,3
1/6/2026 23:46:54,"Moderate experience (e.g., completed at least three in any combination from the following categories - research projects, internships, or open-source contributions)",4,1,5,3,2,5,4,2,4,3,2,4,5,5,5,1,4,Workflow 1,Workflow 1,5,4
1/7/2026 0:03:22,"Little experience (e.g., taken one course or a tutorial)",2,3,4,3,2,4,3,3,3,3,3,4,5,4,4,4,4,Workflow 1,Workflow 3,2,4
1/7/2026 0:16:36,"Some experience (e.g., completed at least one small project)",4,1,1,1,1,1,1,2,2,3,5,5,3,3,3,5,5,Workflow 1,Workflow 1,3,3
1/7/2026 1:57:14,"Some experience (e.g., completed at least one small project)",2,3,4,3,2,5,5,4,3,3,3,3,3,4,4,4,4,Workflow 2,Workflow 2,3,3
1/7/2026 8:27:20,No prior experience,2,3,3,3,3,3,3,3,3,3,4,3,3,3,3,3,3,Workflow 2,Workflow 3,3,4
1/7/2026 10:08:09,"Some experience (e.g., completed at least one small project)",2,1,5,3,1,5,3,4,4,4,2,4,5,5,5,3,3,Workflow 1,Workflow 1,5,4
1/7/2026 10:25:46,"Moderate experience (e.g., completed at least three in any combination from the following categories - research projects, internships, or open-source contributions)",4,1,5,3,1,4,3,3,4,2,5,5,5,5,3,4,5,Workflow 1,Workflow 3,4,5
1/7/2026 11:19:25,"Little experience (e.g., taken one course or a tutorial)",2,1,4,3,1,5,3,2,5,4,1,4,5,5,5,1,5,Workflow 3,Workflow 3,1,5
1/7/2026 13:06:42,"Moderate experience (e.g., completed at least three in any combination from the following categories - research projects, internships, or open-source contributions)",2,1,4,4,2,4,3,1,2,2,3,4,5,5,4,2,3,Workflow 3,Workflow 1,4,4
1/7/2026 15:46:48,"Some experience (e.g., completed at least one small project)",3,4,5,3,3,5,3,1,3,1,4,5,5,5,4,3,5,Workflow 2,Workflow 1,4,5
1/7/2026 17:18:41,"Little experience (e.g., taken one course or a tutorial)",2,3,5,3,3,5,3,4,5,5,1,4,5,5,3,4,4,Workflow 1,Workflow 1,5,4
1/7/2026 18:45:57,"Some experience (e.g., completed at least one small project)",3,2,4,3,2,4,3,3,3,3,2,4,4,4,4,4,4,Workflow 2,Workflow 1,4,4
1/7/2026 19:13:09,"Moderate experience (e.g., completed at least three in any combination from the following categories - research projects, internships, or open-source contributions)",4,1,4,4,2,3,3,2,3,2,5,5,5,5,5,2,5,Workflow 3,Workflow 1,2,5
1/7/2026 22:54:55,"Little experience (e.g., taken one course or a tutorial)",3,1,5,3,1,5,3,1,4,2,4,4,5,5,5,3,5,Workflow 3,Workflow 1,4,4
1/8/2026 1:02:13,"Extensive experience, for the rest",5,3,3,3,3,3,3,3,3,3,3,3,3,3,3,3,3,Workflow 2,Workflow 2,3,3
1/8/2026 13:13:31,"Some experience (e.g., completed at least one small project)",3,1,5,3,1,5,3,4,4,4,2,4,5,5,5,2,4,Workflow 3,Workflow 3,2,4
1/8/2026 16:49:50,No prior experience,1,1,5,3,1,5,3,1,4,3,3,5,5,5,5,2,5,Workflow 1,Workflow 3,1,5
1/9/2026 11:55:47,No prior experience,4,1,5,3,4,5,4,5,5,5,1,5,5,5,5,2,5,Workflow 3,Workflow 2,5,3
1/9/2026 12:34:25,"Some experience (e.g., completed at least one small project)",3,1,5,3,1,5,4,4,5,5,1,5,5,5,5,3,5,Workflow 1,Workflow 1,5,5
1/9/2026 12:58:48,"Some experience (e.g., completed at least one small project)",4,1,4,3,1,2,1,3,4,3,3,4,4,4,3,4,3,Workflow 2,Workflow 1,5,4
1/10/2026 17:36:43,"Moderate experience (e.g., completed at least three in any combination from the following categories - research projects, internships, or open-source contributions)",4,1,5,4,3,4,4,4,4,4,4,4,5,5,5,4,4,Workflow 2,Workflow 3,4,4
1/11/2026 0:07:55,"Some experience (e.g., completed at least one small project)",4,2,4,4,2,4,4,3,4,4,4,4,4,4,4,5,5,Workflow 3,Workflow 2,4,4
1/11/2026 12:56:48,No prior experience,2,1,5,3,3,5,3,2,4,4,1,5,5,5,5,1,5,Workflow 1,Workflow 3,2,4
1/11/2026 13:07:51,"Moderate experience (e.g., completed at least three in any combination from the following categories - research projects, internships, or open-source contributions)",4,1,3,2,1,4,3,3,3,3,3,4,4,4,4,3,4,Workflow 1,Workflow 3,3,4
1/11/2026 14:33:08,"Moderate experience (e.g., completed at least three in any combination from the following categories - research projects, internships, or open-source contributions)",4,3,5,4,3,5,4,1,4,3,4,4,5,5,4,2,4,Workflow 1,Workflow 3,2,4
1/11/2026 20:09:05,"Extensive experience, for the rest",4,1,5,3,1,5,3,3,4,4,4,4,5,5,1,4,4,Workflow 1,Workflow 3,4,4
1/11/2026 20:10:16,"Moderate experience (e.g., completed at least three in any combination from the following categories - research projects, internships, or open-source contributions)",4,1,5,3,1,5,3,3,4,4,4,4,5,5,1,4,4,Workflow 1,Workflow 3,4,5
1/11/2026 20:11:18,"Some experience (e.g., completed at least one small project)",3,1,5,4,1,4,4,3,4,3,4,5,5,5,1,4,5,Workflow 1,Workflow 3,4,5