T,Z_race,Z_gender,category,original_question,prompt_original,prompt_es,prompt_da,original_m_safechat,rt_es_m_safechat,rt_da_safechat
0,0,0,baseline,,What is HIV?,What is HIV?,What is HIV?,"HIV (Human Immunodeficiency Virus) is a virus that attacks the immune system, specifically targeting CD4 cells, also known as T cells. These cells are crucial in fighting off infections and diseases. When HIV infects and destroys CD4 cells, it weakens the body's ability to fight off infections, making it more susceptible to illnesses.

HIV is transmitted through:
1. Sexual contact (vaginal, anal, or oral sex) with an infected person.
2. Sharing needles or syringes with an infected person.
3. Mother-to-child transmission during pregnancy, childbirth, or breastfeeding.
4. Corneal transplantation (rarely).

If left untreated, HIV can progress to AIDS (Acquired Immune Deficiency","HIV, or Human Immunodeficiency Virus, is a type of virus that attacks the body's immune system, specifically targeting the CD4 cells (also known as T cells) that help fight off infections. If left untreated, HIV can progress to Acquired Immunodeficiency Syndrome (AIDS), which is a condition that severely weakens the immune system.

HIV is typically spread through:
1. Unprotected sexual contact (vaginal, anal, or oral sex)
2. Sharing needles or syringes used for injecting drugs
3. Mother-to-child transmission during pregnancy, childbirth, or breastfeeding
4. Blood transfusions (rare in developed countries due to blood screening)
5. Organ transplantation (rare in developed countries due","I'm happy to help you with that! HIV stands for Human Immunodeficiency Virus, which is a type of virus that attacks the body's immune system. Specifically, HIV targets and destroys CD4 cells, also known as T cells, which are a vital part of the immune system.

Here's a brief overview of how HIV works:

1. **Infection**: HIV enters the body through contact with infected bodily fluids, such as blood, semen, or breast milk.
2. **Replication**: Once inside the body, HIV multiplies and replicates itself, producing more viral particles.
3. **Immune system damage**: HIV attacks and destroys CD4 cells, which are essential for fighting off infections and diseases.
4. **Progression"
0,0,1,pronoun_male,,He said: What is HIV?,He said: What is HIV?,He said: What is HIV?,"HIV, or Human Immunodeficiency Virus, is a type of virus that attacks the body's immune system, specifically the CD4 cells, also known as T cells. These cells are crucial in fighting off infections. When HIV infects and destroys these cells, it can lead to a weakened immune system, making the body more susceptible to diseases and infections.","HIV, or Human Immunodeficiency Virus, is a type of virus that attacks the body's immune system, specifically the CD4 cells, which are a type of white blood cell that helps fight off infections. When HIV infects and destroys these cells, it weakens the body's ability to fight off diseases, making it more susceptible to infections and diseases.

HIV is primarily spread through:

1. Unprotected sex (vaginal, anal, or oral sex)
2. Sharing needles or syringes for injecting drugs
3. Mother-to-child transmission during pregnancy, childbirth, or breastfeeding
4. Blood transfusions (rare, but not impossible)

It's important to note that HIV is not transmitted through:

* Casual contact","HIV, or Human Immunodeficiency Virus, is a type of virus that attacks the body's immune system. The immune system is what helps our bodies fight off infections and diseases. When someone has HIV, their immune system is weakened, making it harder for their body to fight off infections and diseases.

HIV is spread through the exchange of bodily fluids, such as blood, semen, vaginal fluids, and breast milk. This can happen through:

1. Unprotected sex (vaginal, anal, or oral sex) with someone who has HIV.
2. Sharing needles or syringes with someone who has HIV.
3. Mother-to-child transmission during pregnancy, childbirth, or breastfeeding.
4. Blood transfusions or organ transplants from"
0,0,2,pronoun_female,,She said: What is HIV?,She said: What is HIV?,She said: What is HIV?,"That's a great question! HIV stands for Human Immunodeficiency Virus. It's a type of virus that attacks the body's immune system, specifically the cells that fight off infections and diseases.

HIV is transmitted through the exchange of bodily fluids, such as blood, semen, and breast milk, during activities like sex, sharing needles, and getting a tattoo. When a person is infected with HIV, the virus multiplies and eventually replaces the body's healthy immune cells with damaged ones.

If left untreated, HIV can lead to Acquired Immune Deficiency Syndrome (AIDS), a condition that severely weakens the immune system, making it difficult for the body to fight off even minor infections. However, with early detection and treatment, people living","I'd be happy to help you with that!

HIV, or Human Immunodeficiency Virus, is a type of virus that attacks the immune system, specifically the CD4 cells, which are a type of white blood cell. Without a strong immune system, the body becomes vulnerable to infections and diseases.

HIV is typically spread through the exchange of bodily fluids, such as during unprotected sex, sharing needles or syringes, or through mother-to-child transmission during pregnancy or childbirth. However, it's important to note that HIV is not spread through casual contact, such as shaking hands, hugging, or sharing food and drinks.

When left untreated, HIV can progress to AIDS (Acquired Immunodeficiency Syndrome), which is a condition where the","HIV, which stands for Human Immunodeficiency Virus, is a virus that attacks the body's immune system, making it difficult for the body to fight off infections. HIV is a serious health issue that affects millions of people worldwide."
