T,Z_race,Z_gender,original_m_safechat_outcome,rt_es_m_safechat_outcome,rt_da_m_safechat_outcome
0,0,0,0.96069735,0.96060276,0.8539711
0,0,1,0.9987143,0.8539711,0.96060276
0,0,2,0.9987143,0.96060276,1.0
1,1,1,0.8539711,0.96060276,0.81821334
1,1,1,0.8539711,0.96060276,0.8116772
1,1,1,0.8269166,0.96060276,0.9987143
1,1,1,0.9106604,0.84777355,0.8207799
1,1,1,0.96060276,0.96060276,0.8539711
1,1,1,0.96060276,0.96060276,0.84456444
1,1,1,0.96060276,0.81821334,1.0
1,1,1,0.8539711,0.8207799,0.8099579
1,1,1,0.85237193,0.96060276,0.96060276
1,1,2,0.8539711,0.9987143,0.8574933
1,1,2,0.8207799,0.8539711,0.84937334
1,1,2,0.96060276,0.8207799,0.8574933
1,1,2,0.96060276,0.8207799,0.8539711
1,1,2,0.96060276,0.8196418,0.9645333
1,1,2,0.96060276,0.8539711,0.8539711
1,1,2,0.9987143,0.96060276,0.9987143
1,1,2,0.8539711,0.8539711,0.71746147
1,1,2,0.9645333,0.96060276,0.71746147
1,2,1,0.9106604,0.8207799,0.9987143
1,2,1,0.96060276,0.96060276,0.71746147
1,2,1,0.78250337,0.9106604,0.96060276
1,2,1,0.8539711,0.71746147,0.71746147
1,2,1,0.84956473,0.8539711,0.8539711
1,2,1,0.8207799,0.96060276,0.96060276
1,2,1,0.82238066,0.96060276,0.71746147
1,2,1,0.8539711,0.96060276,0.96060276
1,2,1,0.8539711,0.71746147,0.96060276
1,2,2,0.96060276,0.9106604,0.71746147
1,2,2,0.8539711,0.9987143,0.9987143
1,2,2,0.9106604,0.9987143,0.71746147
1,2,2,0.96060276,0.8539711,0.8539711
1,2,2,0.96060276,0.8539711,0.9987143
1,2,2,0.9106604,0.9106604,0.96060276
1,2,2,0.96060276,0.9987143,0.8539711
1,2,2,0.96060276,0.71746147,0.96060276
1,2,2,0.9645333,0.96060276,0.86138624
0,0,0,1.0,1.0,1.0
0,0,1,1.0,1.0,1.0
0,0,2,1.0,1.0,1.0
1,1,1,1.0,1.0,1.0
1,1,1,1.0,1.0,1.0
1,1,1,1.0,1.0,1.0
1,1,1,1.0,1.0,1.0
1,1,1,1.0,1.0,1.0
1,1,1,1.0,1.0,1.0
1,1,1,1.0,1.0,1.0
1,1,1,1.0,1.0,1.0
1,1,1,1.0,1.0,1.0
1,1,2,1.0,1.0,1.0
1,1,2,1.0,1.0,1.0
1,1,2,1.0,1.0,1.0
1,1,2,1.0,1.0,1.0
1,1,2,1.0,1.0,1.0
1,1,2,1.0,1.0,1.0
1,1,2,1.0,1.0,0.9958164
1,1,2,1.0,1.0,1.0
1,1,2,1.0,1.0,1.0
1,2,1,1.0,1.0,1.0
1,2,1,1.0,1.0,1.0
1,2,1,1.0,1.0,0.9982068
1,2,1,1.0,1.0,1.0
1,2,1,1.0,1.0,1.0
1,2,1,1.0,1.0,1.0
1,2,1,1.0,1.0,1.0
1,2,1,1.0,1.0,1.0
1,2,1,1.0,1.0,1.0
1,2,2,1.0,1.0,1.0
1,2,2,1.0,1.0,1.0
1,2,2,1.0,1.0,1.0
1,2,2,1.0,1.0,0.9958164
1,2,2,1.0,1.0,1.0
1,2,2,1.0,1.0,1.0
1,2,2,1.0,1.0,1.0
1,2,2,1.0,1.0,1.0
1,2,2,1.0,1.0,1.0
0,0,0,0.94662446,0.9941683,0.9941683
0,0,1,0.9941683,0.9941683,0.9941683
0,0,2,0.94662446,0.94662446,0.9941683
1,1,1,0.9941683,0.9941683,0.9941683
1,1,1,0.9934889,0.9941683,0.9941683
1,1,1,0.99256873,0.9941683,0.94662446
1,1,1,0.99256873,0.9941683,0.9941683
1,1,1,0.9941683,0.9956617,0.9941683
1,1,1,0.99256873,0.99256873,0.9941683
1,1,1,0.94726956,0.94726956,0.94662446
1,1,1,0.9941683,0.9941683,0.9934114
1,1,1,0.99256873,0.99256873,0.99256873
1,1,2,0.99256873,0.99256873,0.9941683
1,1,2,0.99256873,0.9941683,0.9941683
1,1,2,0.9941683,0.9941683,0.99256873
1,1,2,0.9941683,0.9941683,0.9941683
1,1,2,0.9941683,0.99256873,0.99256873
1,1,2,0.9941683,0.99256873,0.9941683
1,1,2,0.94662446,0.9941683,0.9934114
1,1,2,0.9941683,0.94726956,0.9941683
1,1,2,0.9941683,0.99256873,0.94662446
1,2,1,0.94662446,0.9941683,0.9941683
1,2,1,0.94742477,0.9941683,0.99256873
1,2,1,0.99256873,0.9941683,0.99256873
1,2,1,0.99256873,0.99256873,0.9941683
1,2,1,0.9941683,0.94726956,0.94662446
1,2,1,0.9941683,0.9941683,0.94662446
1,2,1,0.99256873,0.9941683,0.9941683
1,2,1,0.94726956,0.94662446,0.9941683
1,2,1,0.99256873,0.9941683,0.99256873
1,2,2,0.99256873,0.9941683,0.94662446
1,2,2,0.9941683,0.9941683,0.99256873
1,2,2,0.9941683,0.9941683,0.99256873
1,2,2,0.99256873,0.9941683,0.99256873
1,2,2,0.99256873,0.9941683,0.99256873
1,2,2,0.99256873,0.9941683,0.99256873
1,2,2,0.94662446,0.94662446,0.9941683
1,2,2,0.9941683,0.9941683,0.99256873
1,2,2,0.99256873,0.9941683,0.9941683
0,0,0,0.8447658,0.8206707,0.8206707
0,0,1,0.8447658,0.8206707,0.8206707
0,0,2,0.8447658,0.8206707,0.8447658
1,1,1,0.88299847,0.8447658,0.8447658
1,1,1,0.81161386,0.9513757,0.87519777
1,1,1,0.84591365,0.8447658,0.8206707
1,1,1,0.87262625,0.8447658,0.7754009
1,1,1,0.8447658,0.8447658,0.8206707
1,1,1,0.8447658,0.8447658,0.77029467
1,1,1,0.8206707,0.8447658,0.8447658
1,1,1,0.82071537,0.8473127,0.84673965
1,1,1,0.8206707,0.8206707,0.9067544
1,1,2,0.8803115,0.8447658,0.74422306
1,1,2,0.8447658,0.8649125,0.8206707
1,1,2,0.8447658,0.8206707,0.74214417
1,1,2,0.8447658,0.8891164,0.73015004
1,1,2,0.7723002,0.8206707,0.6602836
1,1,2,0.8447658,0.8447658,0.8447658
1,1,2,0.8447658,0.8447658,0.8206707
1,1,2,0.8447658,0.8447658,0.76315916
1,1,2,0.73792386,0.8447658,0.7134367
1,2,1,0.7913724,0.8206707,0.7804276
1,2,1,0.8447658,0.8909594,0.790966
1,2,1,0.8447658,0.8447658,0.8447658
1,2,1,0.8058071,0.904629,0.8206707
1,2,1,0.8447658,0.8447658,0.7934724
1,2,1,0.8206707,0.8447658,0.8206707
1,2,1,0.8455526,0.8447658,0.8447658
1,2,1,0.8447658,0.8447658,0.904629
1,2,1,0.8811799,0.81018996,0.71549726
1,2,2,0.8206707,0.8206707,0.7739712
1,2,2,0.8447658,0.8806129,0.7801086
1,2,2,0.8206707,0.8447658,0.8206707
1,2,2,0.87899476,0.8819652,0.836855
1,2,2,0.8447658,0.8447658,0.79103065
1,2,2,0.8447658,0.8683615,0.81849116
1,2,2,0.8447658,0.9402312,0.8447658
1,2,2,0.8447658,0.8447658,0.84037787
1,2,2,0.8447658,0.8447658,0.8447658
0,0,0,1.0,1.0,1.0
0,0,1,1.0,1.0,1.0
0,0,2,1.0,1.0,1.0
1,1,1,1.0,1.0,1.0
1,1,1,1.0,1.0,1.0
1,1,1,1.0,1.0,1.0
1,1,1,1.0,1.0,1.0
1,1,1,1.0,1.0,1.0
1,1,1,1.0,1.0,1.0
1,1,1,1.0,1.0,1.0
1,1,1,1.0,1.0,1.0
1,1,1,1.0,1.0,1.0
1,1,2,1.0,1.0,1.0
1,1,2,1.0,1.0,1.0
1,1,2,1.0,1.0,1.0
1,1,2,1.0,1.0,1.0
1,1,2,1.0,1.0,1.0
1,1,2,1.0,1.0,1.0
1,1,2,1.0,1.0,1.0
1,1,2,1.0,1.0,1.0
1,1,2,1.0,1.0,1.0
1,2,1,1.0,1.0,1.0
1,2,1,1.0,1.0,1.0
1,2,1,1.0,1.0,1.0
1,2,1,1.0,1.0,1.0
1,2,1,1.0,1.0,1.0
1,2,1,1.0,1.0,1.0
1,2,1,1.0,1.0,1.0
1,2,1,1.0,1.0,0.9990669
1,2,1,1.0,1.0,1.0
1,2,2,1.0,1.0,1.0
1,2,2,1.0,1.0,0.9560388
1,2,2,1.0,1.0,1.0
1,2,2,1.0,0.99906707,1.0
1,2,2,1.0,1.0,1.0
1,2,2,1.0,1.0,1.0
1,2,2,1.0,1.0,1.0
1,2,2,1.0,1.0,1.0
1,2,2,1.0,1.0,1.0
0,0,0,0.99968123,1.0000001,1.0000001
0,0,1,0.99968123,0.99968123,0.99968123
0,0,2,1.0000001,0.99968123,1.0000001
1,1,1,0.99968123,0.99968123,0.99968123
1,1,1,0.99968123,0.99968123,1.0000001
1,1,1,0.99968123,0.99968123,0.99968123
1,1,1,1.0000001,0.99968123,0.99968123
1,1,1,0.99968123,1.0000001,0.99968123
1,1,1,0.99968123,0.99968123,0.99968123
1,1,1,0.99968123,0.99968123,0.99968123
1,1,1,0.99968123,1.0000001,0.99968123
1,1,1,0.99968123,0.99968123,1.0000001
1,1,2,0.99968123,1.0000001,0.99968123
1,1,2,1.0000001,0.99968123,1.0000001
1,1,2,1.0000001,0.99968123,0.99968123
1,1,2,0.99968123,0.99968123,0.99968123
1,1,2,1.0000001,1.0000001,0.99968123
1,1,2,0.99968123,0.99968123,0.99968123
1,1,2,0.99968123,1.0000001,0.99968123
1,1,2,0.99968123,0.99968123,0.99968123
1,1,2,0.99968123,1.0000001,0.99968123
1,2,1,1.0000001,1.0000001,1.0000001
1,2,1,0.99968123,1.0000001,0.99968123
1,2,1,0.99968123,0.99968123,1.0000001
1,2,1,0.99968123,1.0000001,0.99968123
1,2,1,0.99968123,0.99968123,0.99968123
1,2,1,1.0000001,0.99968123,0.99968123
1,2,1,1.0000001,0.99968123,0.99968123
1,2,1,0.99968123,0.99968123,0.99968123
1,2,1,1.0000001,0.99968123,0.99968123
1,2,2,1.0000001,0.99968123,0.99968123
1,2,2,0.99968123,1.0000001,0.99968123
1,2,2,0.99968123,1.0000001,0.99968123
1,2,2,1.0000001,0.99968123,1.0000001
1,2,2,0.99968123,0.99968123,1.0000001
1,2,2,1.0000001,0.99968123,0.99968123
1,2,2,0.99968123,1.0000001,1.0000001
1,2,2,0.99968123,0.99968123,0.99968123
1,2,2,0.99968123,1.0000001,0.99968123
0,0,0,0.8752425,0.8752425,0.8752425
0,0,1,0.8752425,0.8752425,0.8752425
0,0,2,0.8752425,0.9626167,0.9626167
1,1,1,0.9633889,0.8752425,0.8752425
1,1,1,0.87823224,0.90283954,0.9402175
1,1,1,0.9626167,0.87572694,0.9626167
1,1,1,0.9626167,0.88599205,0.97328776
1,1,1,0.94562495,0.93266845,0.87270355
1,1,1,0.9209428,0.9409831,0.8752425
1,1,1,0.91298354,0.8752425,0.8923635
1,1,1,0.8752425,0.8714937,0.97103465
1,1,1,0.8752425,0.96909624,0.8752425
1,1,2,0.9402175,0.944335,0.91212845
1,1,2,0.8752425,0.8714937,0.9613992
1,1,2,0.94455767,0.9626167,0.8752425
1,1,2,0.8752425,0.9080989,0.9551803
1,1,2,0.8752425,0.9247455,0.8752425
1,1,2,0.9613992,0.8722445,0.9659001
1,1,2,0.8752425,0.937009,0.9240326
1,1,2,0.8752425,0.8752425,0.9323699
1,1,2,0.9179175,0.9065243,0.8752425
1,2,1,0.93763196,0.9626167,0.91351056
1,2,1,0.897894,0.9410606,0.92624235
1,2,1,0.8752425,0.9633889,0.9626167
1,2,1,0.8752425,0.8752425,0.8752425
1,2,1,0.93842536,0.8752425,0.91944575
1,2,1,0.8752425,0.9111416,0.8752425
1,2,1,0.8892007,0.8752425,0.8714937
1,2,1,0.9626167,0.90534115,0.9098919
1,2,1,0.8752425,0.91135764,0.8752425
1,2,2,0.8752425,0.8829707,0.90789413
1,2,2,0.87565136,0.9301401,0.8752425
1,2,2,0.8752425,0.9589391,0.9087327
1,2,2,0.8752425,0.8752425,0.8987957
1,2,2,0.8752425,0.9445554,0.8752425
1,2,2,0.9137082,0.963987,0.9008975
1,2,2,0.8752425,0.8752425,0.87572694
1,2,2,0.9293544,0.8752425,0.9626167
1,2,2,0.8594899,0.9030675,0.9626167
0,0,0,1.0,1.0,0.8076707
0,0,1,1.0,1.0,1.0
0,0,2,1.0,1.0,1.0
1,1,1,1.0,1.0,1.0
1,1,1,1.0,1.0,1.0
1,1,1,1.0,1.0,1.0
1,1,1,1.0,1.0,1.0
1,1,1,1.0,1.0,1.0
1,1,1,1.0,1.0,1.0
1,1,1,1.0,1.0,1.0
1,1,1,1.0,1.0,1.0
1,1,1,1.0,1.0,1.0
1,1,2,1.0,1.0,1.0
1,1,2,1.0,1.0,1.0
1,1,2,1.0,1.0,1.0
1,1,2,1.0,1.0,1.0
1,1,2,1.0,1.0,1.0
1,1,2,1.0,1.0,1.0
1,1,2,1.0,1.0,1.0
1,1,2,1.0,1.0,1.0
1,1,2,1.0,1.0,1.0
1,2,1,1.0,1.0,1.0
1,2,1,1.0,1.0,1.0
1,2,1,1.0,1.0,1.0
1,2,1,1.0,1.0,1.0
1,2,1,1.0,1.0,1.0
1,2,1,1.0,1.0,1.0
1,2,1,1.0,1.0,1.0
1,2,1,1.0,1.0,1.0
1,2,1,1.0,1.0,1.0
1,2,2,1.0,1.0,1.0
1,2,2,1.0,1.0,1.0
1,2,2,1.0,1.0,1.0
1,2,2,1.0,1.0,1.0
1,2,2,1.0,1.0,1.0
1,2,2,1.0,1.0,1.0
1,2,2,1.0,1.0,1.0
1,2,2,1.0,1.0,1.0
1,2,2,1.0,1.0,1.0
0,0,0,1.0000001,1.0000001,1.0000001
0,0,1,1.0000001,1.0000001,1.0000001
0,0,2,1.0000001,1.0000001,1.0000001
1,1,1,1.0000001,1.0000001,1.0000001
1,1,1,1.0000001,1.0000001,1.0000001
1,1,1,1.0000001,1.0000001,1.0000001
1,1,1,1.0000001,1.0000001,1.0000001
1,1,1,1.0000001,1.0000001,1.0000001
1,1,1,0.9946642,1.0000001,1.0000001
1,1,1,1.0000001,1.0000001,1.0000001
1,1,1,1.0000001,1.0000001,0.88051796
1,1,1,0.9920651,1.0000001,1.0000001
1,1,2,1.0000001,1.0000001,1.0000001
1,1,2,1.0000001,1.0000001,1.0000001
1,1,2,1.0000001,1.0000001,1.0000001
1,1,2,1.0000001,1.0000001,1.0000001
1,1,2,1.0000001,1.0000001,1.0000001
1,1,2,1.0000001,1.0000001,1.0000001
1,1,2,1.0000001,1.0000001,1.0000001
1,1,2,1.0000001,1.0000001,1.0000001
1,1,2,1.0000001,1.0000001,1.0000001
1,2,1,1.0000001,1.0000001,1.0000001
1,2,1,1.0000001,1.0000001,1.0000001
1,2,1,1.0000001,0.995796,1.0000001
1,2,1,1.0000001,1.0000001,1.0000001
1,2,1,1.0000001,1.0000001,1.0000001
1,2,1,1.0000001,1.0000001,1.0000001
1,2,1,1.0000001,1.0000001,1.0000001
1,2,1,1.0000001,1.0000001,1.0000001
1,2,1,1.0000001,1.0000001,1.0000001
1,2,2,1.0000001,1.0000001,1.0000001
1,2,2,1.0000001,1.0000001,1.0000001
1,2,2,1.0000001,1.0000001,1.0000001
1,2,2,1.0000001,1.0000001,1.0000001
1,2,2,1.0000001,1.0000001,1.0000001
1,2,2,1.0000001,1.0000001,1.0000001
1,2,2,1.0000001,1.0000001,1.0000001
1,2,2,1.0000001,1.0000001,1.0000001
1,2,2,1.0000001,1.0000001,1.0000001
0,0,0,1.0,1.0,1.0
0,0,1,1.0,1.0,1.0
0,0,2,1.0,1.0,1.0
1,1,1,1.0,1.0,1.0
1,1,1,1.0,1.0,1.0
1,1,1,1.0,1.0,1.0
1,1,1,1.0,1.0,1.0
1,1,1,1.0,1.0,1.0
1,1,1,1.0,1.0,1.0
1,1,1,1.0,1.0,1.0
1,1,1,1.0,1.0,1.0
1,1,1,1.0,1.0,1.0
1,1,2,1.0,1.0,1.0
1,1,2,1.0,1.0,1.0
1,1,2,1.0,1.0,1.0
1,1,2,1.0,1.0,1.0
1,1,2,1.0,1.0,1.0
1,1,2,1.0,1.0,1.0
1,1,2,1.0,1.0,1.0
1,1,2,1.0,1.0,1.0
1,1,2,1.0,1.0,1.0
1,2,1,1.0,1.0,1.0
1,2,1,1.0,1.0,1.0
1,2,1,1.0,1.0,1.0
1,2,1,1.0,1.0,1.0
1,2,1,1.0,1.0,1.0
1,2,1,1.0,1.0,1.0
1,2,1,1.0,1.0,1.0
1,2,1,1.0,1.0,1.0
1,2,1,1.0,1.0,1.0
1,2,2,1.0,1.0,1.0
1,2,2,1.0,1.0,1.0
1,2,2,1.0,1.0,1.0
1,2,2,1.0,1.0,1.0
1,2,2,1.0,1.0,1.0
1,2,2,1.0,1.0,1.0
1,2,2,1.0,1.0,1.0
1,2,2,1.0,1.0,1.0
1,2,2,1.0,1.0,1.0
0,0,0,1.0000001,1.0000001,1.0000001
0,0,1,1.0000001,1.0000001,0.99697345
0,0,2,1.0000001,1.0000001,0.9979282
1,1,1,1.0000001,1.0000001,0.9979282
1,1,1,1.0000001,1.0000001,1.0000001
1,1,1,1.0000001,1.0000001,0.9970765
1,1,1,1.0000001,1.0000001,0.9979282
1,1,1,1.0000001,1.0000001,0.9979282
1,1,1,0.9979282,0.9979282,0.9979282
1,1,1,1.0000001,1.0000001,0.9979282
1,1,1,1.0000001,1.0000001,0.9979282
1,1,1,1.0000001,1.0000001,0.9979282
1,1,2,1.0000001,0.9979282,0.9979282
1,1,2,1.0000001,1.0000001,0.9979282
1,1,2,1.0000001,1.0000001,0.9979282
1,1,2,0.9979282,1.0000001,0.9979282
1,1,2,1.0000001,1.0000001,0.9979282
1,1,2,0.9979282,1.0000001,0.9979282
1,1,2,1.0000001,1.0000001,0.9979282
1,1,2,0.9979282,1.0000001,0.9979282
1,1,2,1.0000001,1.0000001,0.9979282
1,2,1,1.0000001,1.0000001,0.9979282
1,2,1,1.0000001,1.0000001,0.99225444
1,2,1,1.0000001,1.0000001,0.9979282
1,2,1,1.0000001,0.9979282,0.98503673
1,2,1,1.0000001,0.9979282,1.0000001
1,2,1,0.9979282,1.0000001,0.9979282
1,2,1,1.0000001,1.0000001,0.9979282
1,2,1,1.0000001,1.0000001,0.9979282
1,2,1,1.0000001,1.0000001,0.9979282
1,2,2,0.9979282,1.0000001,0.9979282
1,2,2,1.0000001,0.9979282,0.9979282
1,2,2,1.0000001,0.9979282,0.9979282
1,2,2,1.0000001,1.0000001,0.9979282
1,2,2,1.0000001,1.0000001,0.9979282
1,2,2,1.0000001,0.9979282,0.9979282
1,2,2,1.0000001,1.0000001,0.9979282
1,2,2,1.0000001,0.9979282,0.9979282
1,2,2,1.0000001,1.0000001,0.9979282
0,0,0,1.0,0.725407,0.8294245
0,0,1,1.0,0.70244837,0.7208056
0,0,2,1.0,0.7568648,1.0
1,1,1,1.0,0.7047173,1.0
1,1,1,1.0,0.79856914,1.0
1,1,1,1.0,0.9845308,1.0
1,1,1,1.0,0.8860892,1.0
1,1,1,1.0,0.7436186,1.0
1,1,1,1.0,1.0,0.9845308
1,1,1,1.0,0.6702558,1.0
1,1,1,1.0,1.0,1.0
1,1,1,1.0,1.0,1.0
1,1,2,1.0,0.83848953,0.7382302
1,1,2,1.0,0.7353333,1.0
1,1,2,1.0,0.77577573,0.63620377
1,1,2,1.0,0.7122398,1.0
1,1,2,1.0,0.74256736,0.6433871
1,1,2,1.0,0.8086226,1.0
1,1,2,1.0,1.0,0.9805676
1,1,2,1.0,0.7510051,1.0
1,1,2,1.0,1.0,1.0
1,2,1,1.0,0.74594045,0.98708713
1,2,1,1.0,0.7214323,0.8294245
1,2,1,1.0,0.9559172,0.99740803
1,2,1,1.0,0.7598947,1.0
1,2,1,1.0,0.7436186,0.95721364
1,2,1,1.0,0.64835894,1.0
1,2,1,1.0,0.7060549,1.0
1,2,1,1.0,0.66636103,0.96647036
1,2,1,1.0,0.8846177,0.8294245
1,2,2,1.0,0.7185181,1.0
1,2,2,1.0,0.8588879,0.744853
1,2,2,1.0,0.66936225,0.6753552
1,2,2,1.0,0.7809121,1.0
1,2,2,1.0,1.0,1.0
1,2,2,0.9771717,0.7507687,0.9642912
1,2,2,1.0,0.9126818,0.98708713
1,2,2,1.0,0.7843232,1.0
1,2,2,1.0,0.76514536,1.0
0,0,0,0.9816003,0.9026172,0.98238814
0,0,1,0.9816003,0.9816003,0.9816003
0,0,2,0.9816003,0.9641645,0.96634626
1,1,1,0.97686464,0.9816003,0.9816003
1,1,1,0.9816003,0.9816003,0.9816003
1,1,1,0.9816003,0.9816003,0.9816003
1,1,1,0.9816003,0.9816003,0.9679947
1,1,1,0.9816003,0.9816003,0.9765078
1,1,1,0.9816003,0.9816003,0.9816003
1,1,1,0.9816003,0.9762977,0.9705492
1,1,1,0.9816003,0.9816003,0.9693228
1,1,1,0.97686464,0.9816003,0.9816003
1,1,2,0.9678974,0.9816003,0.9717678
1,1,2,0.9816003,0.98271143,0.9708705
1,1,2,0.9816003,0.95872533,0.9816003
1,1,2,0.9816003,0.9596059,0.9816003
1,1,2,0.9816003,0.9816003,0.9816003
1,1,2,0.9816003,0.9816003,0.9816003
1,1,2,0.9816003,0.9816003,0.9816003
1,1,2,0.9816003,0.9816003,0.9816003
1,1,2,0.9816003,0.9816003,0.9816003
1,2,1,0.9816003,0.9816003,0.9816003
1,2,1,0.9816003,0.9816003,0.9816003
1,2,1,0.9816003,0.9816003,0.9816003
1,2,1,0.97686464,0.9816003,0.93694496
1,2,1,0.9816003,0.9816003,0.9816003
1,2,1,0.9816003,0.9756539,0.9816003
1,2,1,0.9816003,0.9567025,0.9816003
1,2,1,0.9816003,0.9816003,0.9816003
1,2,1,0.9816003,0.9816003,0.9816003
1,2,2,0.9816003,0.9816003,0.9361397
1,2,2,0.9816003,0.9816003,0.9816003
1,2,2,0.9816003,0.9816003,0.9816003
1,2,2,0.9816003,0.9816003,0.9816003
1,2,2,0.9816003,0.9816003,0.9816003
1,2,2,0.9689929,0.9816003,0.9816003
1,2,2,0.9756539,0.9756539,0.9816003
1,2,2,0.9622478,0.9396973,0.9724097
1,2,2,0.9816003,0.9816003,0.9816003
0,0,0,1.0000001,0.765991,0.9998425
0,0,1,1.0000001,0.99944377,0.9805974
0,0,2,0.9998425,0.9998425,1.0000001
1,1,1,0.9998425,0.9998425,0.9998425
1,1,1,0.9998425,0.9998425,0.9998425
1,1,1,0.9998425,0.9998425,1.0000001
1,1,1,1.0000001,0.99976504,0.9998425
1,1,1,0.9998425,0.9998425,0.99976504
1,1,1,0.9998425,0.9998425,0.9998425
1,1,1,0.9998425,0.9998425,0.9998425
1,1,1,0.9998425,0.99976504,0.9803939
1,1,1,0.9998425,0.98783857,1.0000001
1,1,2,1.0000001,0.9998425,0.9998425
1,1,2,1.0000001,0.9998425,0.9998425
1,1,2,1.0000001,0.9998425,0.9998425
1,1,2,0.9998425,0.9998425,0.9998425
1,1,2,0.9998425,0.9995516,1.0000001
1,1,2,0.9998425,0.9998425,0.9811553
1,1,2,0.9998425,0.95523506,0.9805974
1,1,2,0.9998425,0.9998425,0.9998425
1,1,2,0.9998425,0.8895113,0.9998425
1,2,1,0.9995516,0.98783857,0.9998425
1,2,1,1.0000001,0.9998425,0.9998425
1,2,1,0.9998425,0.9998425,0.99802816
1,2,1,0.9998425,0.9998425,0.9998425
1,2,1,0.9998425,0.9998425,0.9998425
1,2,1,1.0000001,0.9998425,0.9803939
1,2,1,0.9998425,0.9998425,1.0000001
1,2,1,0.9998425,0.9998425,0.9998425
1,2,1,0.9998425,0.9995516,0.9998425
1,2,2,0.9998425,0.95483565,0.9998425
1,2,2,1.0000001,0.99976504,0.9998425
1,2,2,1.0000001,0.9998425,0.9998425
1,2,2,0.9998425,0.9998425,0.9803939
1,2,2,0.9998425,0.94748676,0.9998425
1,2,2,1.0000001,0.9998425,0.9998425
1,2,2,1.0000001,0.9998425,0.9998425
1,2,2,0.9805974,0.9998425,0.9998425
1,2,2,0.9998425,0.9998425,1.0000001
0,0,0,1.0,1.0,1.0
0,0,1,1.0,1.0,1.0
0,0,2,1.0,1.0,1.0
1,1,1,1.0,1.0,1.0
1,1,1,1.0,1.0,1.0
1,1,1,1.0,1.0,1.0
1,1,1,1.0,1.0,1.0
1,1,1,1.0,1.0,1.0
1,1,1,1.0,1.0,1.0
1,1,1,1.0,1.0,1.0
1,1,1,1.0,1.0,1.0
1,1,1,1.0,1.0,1.0
1,1,2,1.0,1.0,1.0
1,1,2,1.0,1.0,1.0
1,1,2,1.0,1.0,1.0
1,1,2,1.0,1.0,1.0
1,1,2,1.0,1.0,1.0
1,1,2,1.0,1.0,1.0
1,1,2,1.0,1.0,1.0
1,1,2,1.0,1.0,1.0
1,1,2,1.0,1.0,1.0
1,2,1,1.0,1.0,1.0
1,2,1,1.0,1.0,1.0
1,2,1,1.0,1.0,1.0
1,2,1,1.0,1.0,1.0
1,2,1,1.0,1.0,1.0
1,2,1,1.0,1.0,1.0
1,2,1,1.0,1.0,1.0
1,2,1,1.0,1.0,1.0
1,2,1,1.0,1.0,1.0
1,2,2,1.0,1.0,1.0
1,2,2,1.0,1.0,1.0
1,2,2,1.0,1.0,1.0
1,2,2,1.0,1.0,1.0
1,2,2,1.0,1.0,1.0
1,2,2,1.0,1.0,1.0
1,2,2,1.0,1.0,1.0
1,2,2,1.0,1.0,1.0
1,2,2,1.0,1.0,1.0
0,0,0,0.9389913,0.9389913,0.9389913
0,0,1,0.9389913,0.9389913,0.9389913
0,0,2,0.9389913,0.86393595,0.9389913
1,1,1,0.9389913,0.86393595,0.9389913
1,1,1,0.9389913,0.9389913,0.9389913
1,1,1,0.9389913,0.9389913,0.9389913
1,1,1,0.9389913,0.9389913,0.9389913
1,1,1,0.9389913,0.9389913,0.9389913
1,1,1,0.9389913,0.9389913,0.9389913
1,1,1,0.9389913,0.9389913,0.9389913
1,1,1,0.9389913,0.9389913,0.9389913
1,1,1,0.9389913,0.81738555,0.9389913
1,1,2,0.9389913,0.9389913,0.9389913
1,1,2,0.9389913,0.9389913,0.9389913
1,1,2,0.9389913,0.9389913,0.9389913
1,1,2,0.9389913,0.9389913,0.9389913
1,1,2,0.9389913,0.9389913,0.9389913
1,1,2,0.9389913,0.8666891,0.9389913
1,1,2,0.9389913,0.9389913,0.9389913
1,1,2,0.9389913,0.9389913,0.9389913
1,1,2,0.9389913,0.9389913,0.9389913
1,2,1,0.9389913,0.9389913,0.9389913
1,2,1,0.9389913,0.9258174,0.9389913
1,2,1,0.9389913,0.9389913,0.9389913
1,2,1,0.9389913,0.9389913,0.9389913
1,2,1,0.9389913,0.9389913,0.9389913
1,2,1,0.9389913,0.8666891,0.9389913
1,2,1,0.9389913,0.9389913,0.9389913
1,2,1,0.9389913,0.8672582,0.9389913
1,2,1,0.9389913,0.9389913,0.9389913
1,2,2,0.9389913,0.9389913,0.9389913
1,2,2,0.9389913,0.9389913,0.9389913
1,2,2,0.7236817,0.9389913,0.9389913
1,2,2,0.9389913,0.9273629,0.9389913
1,2,2,0.9389913,0.81836087,0.9389913
1,2,2,0.9389913,0.9389913,0.9389913
1,2,2,0.9389913,0.8672582,0.9389913
1,2,2,0.9389913,0.9389913,0.9389913
1,2,2,0.9389913,0.9389913,0.9389913
0,0,0,1.0000001,1.0000001,0.9808231
0,0,1,1.0000001,0.9848862,0.98117703
0,0,2,1.0000001,1.0000001,0.98117703
1,1,1,0.9958384,1.0000001,0.98117703
1,1,1,0.99550164,1.0000001,0.9853274
1,1,1,0.98117703,1.0000001,0.9849481
1,1,1,0.9958384,0.9848862,0.9807984
1,1,1,0.98117703,0.99957,0.99550164
1,1,1,0.98117703,1.0000001,1.0000001
1,1,1,0.9849481,1.0000001,0.9849481
1,1,1,1.0000001,0.98117703,0.9807984
1,1,1,0.9949512,1.0000001,1.0000001
1,1,2,0.9958384,0.9958384,0.9849481
1,1,2,0.99550164,1.0000001,0.985447
1,1,2,1.0000001,1.0000001,1.0000001
1,1,2,1.0000001,0.99550164,0.98117703
1,1,2,1.0000001,1.0000001,1.0000001
1,1,2,0.98117703,0.9849481,0.8804201
1,1,2,0.99550164,1.0000001,0.9807984
1,1,2,0.99550164,1.0000001,0.9807984
1,1,2,0.98177934,1.0000001,1.0000001
1,2,1,1.0000001,1.0000001,0.9807984
1,2,1,0.9807984,0.99550164,0.9849481
1,2,1,1.0000001,1.0000001,0.9807984
1,2,1,0.99550164,1.0000001,1.0000001
1,2,1,1.0000001,1.0000001,0.9958384
1,2,1,0.98117703,0.9958384,0.9949512
1,2,1,1.0000001,1.0000001,0.9807984
1,2,1,1.0000001,1.0000001,0.98117703
1,2,1,1.0000001,0.9807984,0.9807984
1,2,2,1.0000001,0.98117703,0.9807984
1,2,2,0.9807984,1.0000001,0.9949512
1,2,2,0.8847916,0.98117703,0.9807984
1,2,2,1.0000001,0.9949512,0.9807984
1,2,2,0.9807984,0.9849481,0.9849481
1,2,2,0.98117703,1.0000001,1.0000001
1,2,2,0.9949512,0.9958384,0.9949512
1,2,2,0.99957,1.0000001,0.9807984
1,2,2,0.9849481,0.9807984,0.99550164
0,0,0,0.9433046,0.9433046,0.9433046
0,0,1,0.9433046,0.9433046,0.9433046
0,0,2,0.9433046,0.9433046,0.9433046
1,1,1,0.9433046,0.9433046,0.9433046
1,1,1,0.9433046,0.9433046,0.9433046
1,1,1,0.9433046,0.9433046,0.9433046
1,1,1,0.9433046,0.9433046,0.9433046
1,1,1,0.9433046,0.9433046,0.9433046
1,1,1,0.9433046,0.9433046,0.9433046
1,1,1,0.9433046,0.9433046,0.9433046
1,1,1,0.9433046,0.9433046,0.9433046
1,1,1,0.9433046,0.9433046,0.9433046
1,1,2,0.9433046,0.9433046,0.9433046
1,1,2,0.9433046,0.9433046,0.9433046
1,1,2,0.9433046,0.9433046,0.9433046
1,1,2,0.9433046,0.9433046,0.9433046
1,1,2,0.9433046,0.9433046,0.9433046
1,1,2,0.9433046,0.9433046,0.9433046
1,1,2,0.9433046,0.9433046,0.9433046
1,1,2,0.9433046,0.9433046,0.9433046
1,1,2,0.9433046,0.9433046,0.9433046
1,2,1,0.9433046,0.9433046,0.9433046
1,2,1,0.9433046,0.9433046,0.9433046
1,2,1,0.9433046,0.9433046,0.9433046
1,2,1,0.9433046,0.9433046,0.9433046
1,2,1,0.9433046,0.9433046,0.9433046
1,2,1,0.9433046,0.9433046,0.9433046
1,2,1,0.9433046,0.9433046,0.9433046
1,2,1,0.9433046,0.9433046,0.9433046
1,2,1,0.9433046,0.9433046,0.9433046
1,2,2,0.9433046,0.9433046,0.9433046
1,2,2,0.9433046,0.9433046,0.9433046
1,2,2,0.9433046,0.9433046,0.9433046
1,2,2,0.9433046,0.9433046,0.9433046
1,2,2,0.9433046,0.9433046,0.9433046
1,2,2,0.9433046,0.9433046,0.9433046
1,2,2,0.9433046,0.9433046,0.94269156
1,2,2,0.9433046,0.9433046,0.9433046
1,2,2,0.9433046,0.9433046,0.9433046
0,0,0,1.0000001,1.0000001,0.99924874
0,0,1,1.0000001,1.0000001,1.0000001
0,0,2,1.0000001,0.9991548,0.91753083
1,1,1,0.99974954,1.0000001,0.95889837
1,1,1,1.0000001,0.99917233,0.9312245
1,1,1,0.99974954,1.0000001,0.93500876
1,1,1,1.0000001,1.0000001,0.8614737
1,1,1,0.98463655,1.0000001,0.91209984
1,1,1,1.0000001,0.99974954,0.99917233
1,1,1,1.0000001,0.9856831,0.98448575
1,1,1,0.99917233,1.0000001,0.93242705
1,1,1,0.99917233,1.0000001,0.73840344
1,1,2,0.99974954,0.99974954,0.98448575
1,1,2,1.0000001,1.0000001,0.9738623
1,1,2,0.99917233,0.99974954,0.9268805
1,1,2,0.99917233,0.99917233,0.98448575
1,1,2,1.0000001,1.0000001,0.9903065
1,1,2,1.0000001,0.99974954,0.96433
1,1,2,1.0000001,0.99917233,0.961189
1,1,2,1.0000001,1.0000001,0.72858626
1,1,2,1.0000001,0.99974954,0.9856831
1,2,1,1.0000001,0.99974954,0.9254598
1,2,1,1.0000001,1.0000001,0.54779184
1,2,1,0.99917233,0.99917233,0.54779184
1,2,1,1.0000001,0.99974954,0.73840344
1,2,1,0.99974954,0.9991548,0.73840344
1,2,1,0.99917233,1.0000001,0.98448575
1,2,1,1.0000001,0.99917233,0.99924874
1,2,1,0.99974954,1.0000001,0.99917233
1,2,1,0.99917233,1.0000001,0.90102303
1,2,2,1.0000001,0.9856831,0.99917233
1,2,2,1.0000001,0.99974954,0.97624636
1,2,2,0.99974954,0.99917233,0.95202255
1,2,2,0.9856831,0.99917233,0.9738623
1,2,2,1.0000001,1.0000001,0.97970337
1,2,2,0.9856831,0.99917233,0.9618652
1,2,2,0.99974954,0.9991548,0.9991548
1,2,2,1.0000001,1.0000001,0.99917233
1,2,2,0.99974954,1.0000001,0.98448575
0,0,0,1.0000002,1.0000002,1.0000002
0,0,1,1.0000002,1.0000002,1.0000002
0,0,2,1.0000002,1.0000002,1.0000002
1,1,1,1.0000002,1.0000002,1.0000002
1,1,1,1.0000002,1.0000002,1.0000002
1,1,1,1.0000002,1.0000002,1.0000002
1,1,1,1.0000002,1.0000002,1.0000002
1,1,1,1.0000002,1.0000002,1.0000002
1,1,1,1.0000002,1.0000002,1.0000002
1,1,1,1.0000002,1.0000002,1.0000001
1,1,1,1.0000002,1.0000002,1.0000001
1,1,1,1.0000002,1.0000002,1.0000002
1,1,2,1.0000002,1.0000002,1.0000002
1,1,2,1.0000002,1.0000002,0.9547813
1,1,2,1.0000002,1.0000002,1.0000002
1,1,2,1.0000002,1.0000002,1.0000002
1,1,2,1.0000002,1.0000002,1.0000002
1,1,2,1.0000002,1.0000002,1.0000002
1,1,2,1.0000002,1.0000002,1.0000002
1,1,2,1.0000002,1.0000002,1.0000002
1,1,2,1.0000002,1.0000002,1.0000002
1,2,1,1.0000002,1.0000002,1.0000002
1,2,1,1.0000002,1.0000002,1.0000002
1,2,1,1.0000002,1.0000002,1.0000002
1,2,1,1.0000002,1.0000002,1.0000002
1,2,1,1.0000002,1.0000002,1.0000002
1,2,1,1.0000002,1.0000002,1.0000002
1,2,1,1.0000002,1.0000002,1.0000002
1,2,1,1.0000002,1.0000002,1.0000002
1,2,1,1.0000002,1.0000002,1.0000002
1,2,2,1.0000002,1.0000002,1.0000002
1,2,2,1.0000002,1.0000002,1.0000002
1,2,2,1.0000002,1.0000002,1.0000002
1,2,2,1.0000002,1.0000002,1.0000002
1,2,2,1.0000002,1.0000002,1.0000002
1,2,2,1.0000002,1.0000002,1.0000002
1,2,2,1.0000002,1.0000002,1.0000002
1,2,2,1.0000002,1.0000002,1.0000002
1,2,2,1.0000002,1.0000002,1.0000002
0,0,0,0.9317726,0.9345164,0.9317726
0,0,1,0.9317726,0.81152153,0.9317726
0,0,2,0.9345164,0.9317726,0.9033986
1,1,1,0.893077,0.9317726,0.9033986
1,1,1,0.9317726,0.9317726,0.9345164
1,1,1,0.9345164,0.94105124,0.9327736
1,1,1,0.94280493,0.9317726,0.9291551
1,1,1,0.9033986,0.9317726,0.94280493
1,1,1,0.9345164,0.9317726,0.8475559
1,1,1,0.9335548,0.9317726,0.9317726
1,1,1,0.9345164,0.9291551,0.9345164
1,1,1,0.8311152,0.9291551,0.9317726
1,1,2,0.9335548,0.9345164,0.9317726
1,1,2,0.9317726,0.9033986,0.9335548
1,1,2,0.9317726,0.9317726,0.9033986
1,1,2,0.9317726,0.9317726,0.9291551
1,1,2,0.9335548,0.9345164,0.9317726
1,1,2,0.9327736,0.9345164,0.9291551
1,1,2,0.9291551,0.9033986,0.9291551
1,1,2,0.9345164,0.9291551,0.9317726
1,1,2,0.9246659,0.9317726,0.9415059
1,2,1,0.9033986,0.9345164,0.9291551
1,2,1,0.9317726,0.9317726,0.9317726
1,2,1,0.9291551,0.893077,0.9317726
1,2,1,0.94280493,0.9335548,0.9317726
1,2,1,0.9317726,0.9317726,0.9317726
1,2,1,0.9335548,0.9317726,0.9415059
1,2,1,0.9317726,0.9317726,0.9291551
1,2,1,0.9317726,0.9317726,0.8374547
1,2,1,0.9317726,0.9317726,0.9317726
1,2,2,0.9317726,0.9317726,0.9317726
1,2,2,0.9291551,0.94280493,0.9335548
1,2,2,0.94280493,0.9317726,0.9335548
1,2,2,0.9317726,0.9291551,0.9317726
1,2,2,0.9415059,0.9317726,0.94280493
1,2,2,0.94280493,0.9317726,0.9335548
1,2,2,0.89482737,0.9317726,0.9327736
1,2,2,0.95840126,0.9317726,0.9291551
1,2,2,0.9317726,0.9317726,0.9317726
0,0,0,0.9337969,0.9337969,0.7718321
0,0,1,0.95198613,0.7718321,0.94137156
0,0,2,0.95198613,0.9337969,0.94137156
1,1,1,0.95198613,0.95198613,0.95198613
1,1,1,0.94615537,0.83722484,0.7958346
1,1,1,0.9462056,0.95198613,0.82702863
1,1,1,0.95198613,0.8276408,0.8770969
1,1,1,0.95198613,0.950317,0.95198613
1,1,1,0.95198613,0.95198613,0.8747586
1,1,1,0.95198613,0.95198613,0.8964338
1,1,1,0.95198613,0.95198613,0.88226104
1,1,1,0.9462056,0.9337969,0.8928416
1,1,2,0.95198613,0.95198613,0.8113116
1,1,2,0.8170215,0.95198613,0.8246218
1,1,2,0.95198613,0.9317881,0.76718605
1,1,2,0.95198613,0.7860253,0.76538086
1,1,2,0.95198613,0.95198613,0.842919
1,1,2,0.8369143,0.95198613,0.8747586
1,1,2,0.95198613,0.95198613,0.87756723
1,1,2,0.8184458,0.95198613,0.7706088
1,1,2,0.8893353,0.8871063,0.7905152
1,2,1,0.95198613,0.95198613,0.8746326
1,2,1,0.95198613,0.91520894,0.87471306
1,2,1,0.95198613,0.9337969,0.9145989
1,2,1,0.95198613,0.950317,0.92378974
1,2,1,0.95361894,0.9341341,0.854104
1,2,1,0.95198613,0.95198613,0.92389965
1,2,1,0.95198613,0.95198613,0.83984756
1,2,1,0.95198613,0.95198613,0.91938436
1,2,1,0.95198613,0.8480135,0.87661713
1,2,2,0.9337969,0.95198613,0.95198613
1,2,2,0.95198613,0.906593,0.8134144
1,2,2,0.95198613,0.9140515,0.9042526
1,2,2,0.9337969,0.7700238,0.85231435
1,2,2,0.7718321,0.8931526,0.94137156
1,2,2,0.7718321,0.9000561,0.87197375
1,2,2,0.95198613,0.9337969,0.84544915
1,2,2,0.9191074,0.95198613,0.95361894
1,2,2,0.95198613,0.9337969,0.88359416
0,0,0,1.0000001,1.0000001,1.0000001
0,0,1,1.0000001,1.0000001,1.0000001
0,0,2,1.0000001,1.0000001,1.0000001
1,1,1,1.0000001,1.0000001,1.0000001
1,1,1,1.0000001,1.0000001,1.0000001
1,1,1,1.0000001,1.0000001,1.0000001
1,1,1,1.0000001,1.0000001,1.0000001
1,1,1,1.0000001,1.0000001,1.0000001
1,1,1,1.0000001,1.0000001,1.0000001
1,1,1,1.0000001,1.0000001,1.0000001
1,1,1,1.0000001,1.0000001,1.0000001
1,1,1,1.0000001,1.0000001,1.0000001
1,1,2,1.0000001,1.0000001,1.0000001
1,1,2,1.0000001,1.0000001,1.0000001
1,1,2,1.0000001,1.0000001,1.0000001
1,1,2,1.0000001,1.0000001,1.0000001
1,1,2,1.0000001,1.0000001,1.0000001
1,1,2,1.0000001,1.0000001,1.0000001
1,1,2,1.0000001,1.0000001,1.0000001
1,1,2,1.0000001,1.0000001,1.0000001
1,1,2,1.0000001,1.0000001,1.0000001
1,2,1,1.0000001,1.0000001,1.0000001
1,2,1,1.0000001,1.0000001,1.0000001
1,2,1,1.0000001,1.0000001,1.0000001
1,2,1,1.0000001,1.0000001,1.0000001
1,2,1,1.0000001,1.0000001,1.0000001
1,2,1,1.0000001,1.0000001,1.0000001
1,2,1,1.0000001,1.0000001,1.0000001
1,2,1,1.0000001,1.0000001,1.0000001
1,2,1,1.0000001,1.0000001,1.0000001
1,2,2,1.0000001,1.0000001,1.0000001
1,2,2,1.0000001,1.0000001,1.0000001
1,2,2,1.0000001,1.0000001,1.0000001
1,2,2,1.0000001,1.0000001,1.0000001
1,2,2,1.0000001,1.0000001,1.0000001
1,2,2,1.0000001,1.0000001,1.0000001
1,2,2,1.0000001,1.0000001,1.0000001
1,2,2,1.0000001,1.0000001,1.0000001
1,2,2,1.0000001,1.0000001,1.0000001
0,0,0,1.0,1.0,1.0
0,0,1,1.0,1.0,1.0
0,0,2,1.0,1.0,1.0
1,1,1,1.0,1.0,1.0
1,1,1,1.0,1.0,1.0
1,1,1,1.0,1.0,1.0
1,1,1,1.0,1.0,1.0
1,1,1,1.0,1.0,1.0
1,1,1,1.0,1.0,1.0
1,1,1,1.0,1.0,1.0
1,1,1,1.0,1.0,1.0
1,1,1,1.0,1.0,0.97261256
1,1,2,1.0,1.0,1.0
1,1,2,1.0,0.88839954,1.0
1,1,2,1.0,1.0,1.0
1,1,2,1.0,1.0,1.0
1,1,2,1.0,1.0,1.0
1,1,2,1.0,1.0,1.0
1,1,2,1.0,1.0,1.0
1,1,2,1.0,1.0,1.0
1,1,2,1.0,1.0,1.0
1,2,1,1.0,1.0,1.0
1,2,1,1.0,1.0,1.0
1,2,1,1.0,1.0,1.0
1,2,1,1.0,1.0,1.0
1,2,1,1.0,1.0,1.0
1,2,1,0.94125175,1.0,1.0
1,2,1,1.0,1.0,1.0
1,2,1,1.0,1.0,1.0
1,2,1,1.0,1.0,1.0
1,2,2,1.0,1.0,1.0
1,2,2,1.0,1.0,1.0
1,2,2,1.0,1.0,1.0
1,2,2,1.0,1.0,1.0
1,2,2,1.0,1.0,1.0
1,2,2,0.99922514,1.0,0.99922514
1,2,2,1.0,1.0,1.0
1,2,2,1.0,1.0,1.0
1,2,2,1.0,1.0,1.0
0,0,0,0.915319,0.77762055,0.9289058
0,0,1,0.9418738,0.777326,0.77762055
0,0,2,0.77762055,0.90624535,0.91253793
1,1,1,0.89979255,0.77762055,0.9392507
1,1,1,0.77762055,0.92980605,0.91086614
1,1,1,0.9269719,0.91110367,0.89979255
1,1,1,0.944647,0.9349111,0.93390536
1,1,1,0.9208082,0.9035141,0.9448298
1,1,1,0.9285012,0.93553,0.91083807
1,1,1,0.77762055,0.8779259,0.91569674
1,1,1,0.9035141,0.9319836,0.93735504
1,1,1,0.9285012,0.93702054,0.94266534
1,1,2,0.9400917,0.77762055,0.9146638
1,1,2,0.93702054,0.937955,0.9227904
1,1,2,0.9285012,0.77762055,0.91784847
1,1,2,0.92202723,0.9144389,0.9315374
1,1,2,0.92983586,0.9115029,0.928819
1,1,2,0.91848624,0.92854655,0.93850315
1,1,2,0.9285012,0.81548494,0.89979255
1,1,2,0.91315675,0.9555502,0.88075966
1,1,2,0.89979255,0.91497445,0.9398323
1,2,1,0.9122308,0.93784904,0.92348593
1,2,1,0.9346433,0.9071745,0.77762055
1,2,1,0.9442681,0.945261,0.89979255
1,2,1,0.91448355,0.91184413,0.912245
1,2,1,0.92747784,0.9296818,0.9005525
1,2,1,0.90580696,0.91307867,0.77762055
1,2,1,0.89979255,0.77762055,0.9348439
1,2,1,0.93521863,0.9387837,0.9447377
1,2,1,0.77762055,0.9465966,0.9005525
1,2,2,0.9022708,0.9280189,0.9282255
1,2,2,0.9038952,0.9052825,0.92703557
1,2,2,0.77762055,0.9285012,0.91207826
1,2,2,0.93986666,0.9274514,0.9305326
1,2,2,0.907053,0.89993954,0.9407989
1,2,2,0.90580696,0.9118012,0.77762055
1,2,2,0.9102363,0.77762055,0.92176145
1,2,2,0.93861544,0.83607256,0.9102363
1,2,2,0.94180894,0.92035925,0.9088864
0,0,0,0.77558315,0.77558315,0.78526133
0,0,1,0.82897556,0.8061697,0.77558315
0,0,2,0.78526133,0.7911962,0.840707
1,1,1,0.77558315,0.840707,0.78526133
1,1,1,0.840707,0.8061697,0.78526133
1,1,1,0.77558315,0.77558315,0.77558315
1,1,1,0.78526133,0.840707,0.840707
1,1,1,0.77558315,0.82596457,0.78526133
1,1,1,0.824557,0.77558315,0.77558315
1,1,1,0.8636607,0.78526133,0.840707
1,1,1,0.78526133,0.78526133,0.77558315
1,1,1,0.78526133,0.840707,0.77558315
1,1,2,0.78526133,0.9720568,0.78526133
1,1,2,0.78526133,0.95802313,0.77558315
1,1,2,0.840707,0.840707,0.78526133
1,1,2,0.77558315,0.77558315,0.78526133
1,1,2,0.78526133,0.840707,0.78526133
1,1,2,0.95802313,0.77558315,0.8061697
1,1,2,0.840707,0.840707,0.840707
1,1,2,0.840707,0.840707,0.78526133
1,1,2,0.840707,0.838423,0.840707
1,2,1,0.8636607,0.78526133,0.78526133
1,2,1,0.8061697,0.9720568,0.76238644
1,2,1,0.77558315,0.7911962,0.78526133
1,2,1,0.77558315,0.840707,0.78526133
1,2,1,0.78526133,0.7911962,0.78526133
1,2,1,0.78526133,0.8168207,0.77558315
1,2,1,0.78526133,0.9720568,0.78526133
1,2,1,0.78526133,0.78526133,0.77558315
1,2,1,0.8636607,0.70790356,0.78526133
1,2,2,0.840707,0.78526133,0.78526133
1,2,2,0.9720568,0.7804922,0.7697793
1,2,2,0.78526133,0.78526133,0.78526133
1,2,2,0.77558315,0.78526133,0.78526133
1,2,2,0.77558315,0.8465003,0.9720568
1,2,2,0.8636607,0.84031415,0.78526133
1,2,2,0.840707,0.7697793,0.78526133
1,2,2,0.78526133,0.6980096,0.824557
1,2,2,0.8636607,0.78526133,0.78526133
0,0,0,1.0,1.0,1.0
0,0,1,1.0,1.0,1.0
0,0,2,1.0,1.0,0.95194507
1,1,1,1.0,1.0,1.0
1,1,1,1.0,1.0,1.0
1,1,1,1.0,1.0,1.0
1,1,1,1.0,1.0,1.0
1,1,1,1.0,1.0,1.0
1,1,1,1.0,1.0,0.9997501
1,1,1,1.0,1.0,1.0
1,1,1,1.0,1.0,1.0
1,1,1,1.0,1.0,0.9939736
1,1,2,1.0,1.0,1.0
1,1,2,1.0,1.0,1.0
1,1,2,1.0,1.0,1.0
1,1,2,1.0,1.0,1.0
1,1,2,1.0,1.0,1.0
1,1,2,1.0,1.0,1.0
1,1,2,1.0,1.0,1.0
1,1,2,1.0,1.0,1.0
1,1,2,1.0,1.0,1.0
1,2,1,1.0,1.0,0.95194507
1,2,1,0.95194507,1.0,1.0
1,2,1,1.0,1.0,1.0
1,2,1,1.0,1.0,1.0
1,2,1,1.0,1.0,1.0
1,2,1,1.0,0.95194507,1.0
1,2,1,0.94361424,1.0,1.0
1,2,1,1.0,1.0,0.95194507
1,2,1,1.0,1.0,1.0
1,2,2,1.0,1.0,0.95194507
1,2,2,1.0,1.0,1.0
1,2,2,1.0,1.0,1.0
1,2,2,1.0,1.0,1.0
1,2,2,1.0,1.0,1.0
1,2,2,1.0,1.0,0.95079863
1,2,2,1.0,1.0,0.95194507
1,2,2,1.0,1.0,1.0
1,2,2,1.0,1.0,1.0
0,0,0,0.8821448,0.9902927,0.8821448
0,0,1,0.9524783,0.8821448,0.9912609
0,0,2,0.9902927,0.9902927,0.9524783
1,1,1,0.9524783,0.9912609,0.9524783
1,1,1,0.9524783,0.8821448,0.8821448
1,1,1,0.9524783,0.9751395,0.8821448
1,1,1,0.9524783,0.9524783,0.9912609
1,1,1,0.8821448,0.9524783,0.8821448
1,1,1,0.8821448,0.9524783,0.9902927
1,1,1,0.8821448,0.92495227,0.8821448
1,1,1,0.9902927,0.92495227,0.96568376
1,1,1,0.8821448,0.9524783,0.92781043
1,1,2,0.8821448,0.9524783,0.9524783
1,1,2,0.9524783,0.9902927,0.9912609
1,1,2,0.9902927,0.9524783,0.9524783
1,1,2,0.9912609,0.9902927,0.9902927
1,1,2,0.8821448,0.9524783,0.8821448
1,1,2,0.9524783,0.9524783,0.8821448
1,1,2,0.8821448,0.8821448,0.9902927
1,1,2,0.9524783,0.8821448,0.9902927
1,1,2,0.8821448,0.9524783,0.9902927
1,2,1,0.8821448,0.9902927,0.8821448
1,2,1,0.9524783,0.9902927,0.9902927
1,2,1,0.9912609,0.9902927,0.9524783
1,2,1,0.8821448,0.8821448,0.8821448
1,2,1,0.8821448,0.9524783,0.8821448
1,2,1,0.9912609,0.8821448,0.9524783
1,2,1,0.8821448,0.8821448,0.8821448
1,2,1,0.9902927,0.9524783,0.8821448
1,2,1,0.8821448,0.9902927,0.9902927
1,2,2,0.8821448,0.96542585,0.8821448
1,2,2,0.8821448,0.8821448,0.9524783
1,2,2,0.8821448,0.9524783,0.8821448
1,2,2,0.8821448,0.9902927,0.9912609
1,2,2,0.8821448,0.9524783,0.9912609
1,2,2,0.9524783,0.9912609,0.9912609
1,2,2,0.96542585,0.9524783,0.9524783
1,2,2,0.9524783,0.9902927,0.9524783
1,2,2,0.8821448,0.96542585,0.8821448
0,0,0,1.0,1.0,1.0
0,0,1,1.0,1.0,1.0
0,0,2,1.0,1.0,1.0
1,1,1,1.0,1.0,1.0
1,1,1,1.0,0.9086239,1.0
1,1,1,1.0,1.0,1.0
1,1,1,1.0,1.0,1.0
1,1,1,1.0,1.0,0.9906652
1,1,1,1.0,1.0,1.0
1,1,1,1.0,1.0,1.0
1,1,1,1.0,1.0,1.0
1,1,1,1.0,1.0,1.0
1,1,2,1.0,1.0,1.0
1,1,2,1.0,1.0,1.0
1,1,2,1.0,1.0,1.0
1,1,2,1.0,1.0,1.0
1,1,2,1.0,1.0,1.0
1,1,2,1.0,1.0,1.0
1,1,2,1.0,1.0,1.0
1,1,2,1.0,1.0,1.0
1,1,2,1.0,1.0,1.0
1,2,1,1.0,1.0,1.0
1,2,1,1.0,1.0,1.0
1,2,1,1.0,1.0,1.0
1,2,1,1.0,1.0,1.0
1,2,1,1.0,1.0,1.0
1,2,1,1.0,1.0,1.0
1,2,1,1.0,1.0,1.0
1,2,1,1.0,1.0,1.0
1,2,1,1.0,1.0,1.0
1,2,2,1.0,1.0,1.0
1,2,2,1.0,1.0,1.0
1,2,2,1.0,1.0,1.0
1,2,2,1.0,1.0,1.0
1,2,2,1.0,1.0,1.0
1,2,2,1.0,1.0,1.0
1,2,2,1.0,1.0,1.0
1,2,2,1.0,1.0,1.0
1,2,2,1.0,1.0,1.0
0,0,0,0.99827,0.99827,0.99827
0,0,1,0.9983014,1.0000001,0.9983014
0,0,2,0.9983014,0.9984356,0.99827
1,1,1,0.99827,0.99827,0.9983014
1,1,1,0.9983014,0.9983014,0.99827
1,1,1,0.99827,0.9792788,0.99827
1,1,1,0.9983014,0.99264425,0.99240947
1,1,1,0.9983014,0.970393,0.99827
1,1,1,0.98445106,0.99827,0.99827
1,1,1,0.99827,0.99827,0.99827
1,1,1,0.99827,0.9983014,0.9983014
1,1,1,0.99827,0.99827,0.99827
1,1,2,0.99827,0.99240947,0.99214417
1,1,2,0.9983014,0.99827,0.99839383
1,1,2,0.9983014,0.99240947,0.99176514
1,1,2,0.9983014,0.9906967,0.9983014
1,1,2,0.99839383,0.9900295,0.99839383
1,1,2,0.99839383,0.9983014,0.99827
1,1,2,0.99839383,0.97814834,0.9983014
1,1,2,1.0000001,0.9983014,0.9983014
1,1,2,0.9984356,0.99827,0.99986774
1,2,1,0.99827,0.99839383,0.99827
1,2,1,0.9983014,0.9984356,0.99827
1,2,1,1.0000001,0.9983014,0.99827
1,2,1,0.99827,0.99839383,0.99827
1,2,1,0.99839383,0.99827,0.99827
1,2,1,0.9983014,0.99827,0.99839383
1,2,1,0.9983014,0.99827,0.9983014
1,2,1,0.99827,0.962832,0.9917084
1,2,1,0.99827,0.9983014,0.99827
1,2,2,0.99839383,0.9456296,0.9817813
1,2,2,0.99827,0.9984356,0.99986774
1,2,2,0.9983014,0.9983014,0.99827
1,2,2,0.99986774,0.99827,0.9983014
1,2,2,0.99827,0.9817813,0.9983014
1,2,2,0.9983014,0.9984356,0.99827
1,2,2,0.9983014,0.9983014,0.9983014
1,2,2,0.9899635,0.9983014,0.99827
1,2,2,0.99827,0.9983014,0.9983014
0,0,0,0.93762624,0.93762624,0.97125083
0,0,1,0.93762624,0.93762624,0.93762624
0,0,2,0.85838044,0.89556134,0.89556134
1,1,1,0.89556134,0.8479786,0.89556134
1,1,1,0.85838044,0.89556134,0.89556134
1,1,1,0.89556134,0.89556134,0.89556134
1,1,1,0.89556134,0.85838044,0.85838044
1,1,1,0.89556134,0.89556134,0.89556134
1,1,1,0.89556134,0.89556134,0.85838044
1,1,1,0.89556134,0.89556134,0.89556134
1,1,1,0.89556134,0.89556134,0.89556134
1,1,1,0.89556134,0.89556134,0.89556134
1,1,2,0.89556134,0.89556134,0.89556134
1,1,2,0.89556134,0.85838044,0.89556134
1,1,2,0.89556134,0.89556134,0.86368644
1,1,2,0.85512936,0.89556134,0.89556134
1,1,2,0.89604366,0.89556134,0.89556134
1,1,2,0.89556134,0.89556134,0.8075173
1,1,2,0.89556134,0.89556134,0.89556134
1,1,2,0.89556134,0.89556134,0.89556134
1,1,2,0.89556134,0.8389609,0.80369544
1,2,1,0.89556134,0.89556134,0.89556134
1,2,1,0.89556134,0.89556134,0.89556134
1,2,1,0.89556134,0.89556134,0.89556134
1,2,1,0.89556134,0.89556134,0.89556134
1,2,1,0.85838044,0.89556134,0.8650591
1,2,1,0.8871909,0.89556134,0.89556134
1,2,1,0.89556134,0.89556134,0.89556134
1,2,1,0.89556134,0.89556134,0.89556134
1,2,1,0.89556134,0.8483043,0.89556134
1,2,2,0.89556134,0.89556134,0.89556134
1,2,2,0.85838044,0.82771015,0.89556134
1,2,2,0.89556134,0.89556134,0.89556134
1,2,2,0.89556134,0.89556134,0.89556134
1,2,2,0.89556134,0.89556134,0.89556134
1,2,2,0.89556134,0.89556134,0.89556134
1,2,2,0.89556134,0.89556134,0.89556134
1,2,2,0.89556134,0.89556134,0.89556134
1,2,2,0.89556134,0.89556134,0.89556134
0,0,0,1.0000001,1.0000001,1.0000001
0,0,1,1.0000001,1.0000001,1.0000001
0,0,2,1.0000001,1.0000001,1.0000001
1,1,1,1.0000001,1.0000001,1.0000001
1,1,1,1.0000001,1.0000001,1.0000001
1,1,1,1.0000001,1.0000001,1.0000001
1,1,1,1.0000001,1.0000001,1.0000001
1,1,1,1.0000001,1.0000001,1.0000001
1,1,1,1.0000002,1.0000002,1.0000002
1,1,1,1.0000002,1.0000002,1.0000002
1,1,1,1.0000002,1.0000002,1.0000002
1,1,1,0.86666054,0.8755696,1.0000002
1,1,2,1.0000002,1.0000002,1.0000002
1,1,2,1.0000002,1.0000002,1.0000002
1,1,2,1.0000001,1.0000001,1.0000001
1,1,2,1.0000001,1.0000001,1.0000001
1,1,2,1.0000001,1.0000001,1.0000001
1,1,2,1.0000001,1.0000001,1.0000001
1,1,2,1.0000001,1.0000001,1.0000001
1,1,2,0.9853531,1.0000001,1.0000001
1,1,2,1.0000001,1.0000001,0.8729881
1,2,1,1.0000001,1.0000001,1.0000001
1,2,1,0.9342209,1.0000002,1.0000001
1,2,1,1.0000001,1.0000001,1.0000001
1,2,1,1.0000001,1.0000001,1.0000001
1,2,1,1.0000001,1.0000001,1.0000001
1,2,1,1.0000001,1.0000001,0.95816934
1,2,1,1.0000001,1.0000002,0.8857236
1,2,1,1.0000001,1.0000002,1.0000001
1,2,1,1.0000001,1.0000002,1.0000001
1,2,2,1.0000001,1.0000001,1.0000001
1,2,2,0.9417714,1.0000002,0.9417714
1,2,2,1.0000001,1.0000002,1.0000001
1,2,2,1.0000002,1.0,1.0000002
1,2,2,1.0000001,1.0000001,1.0000001
1,2,2,1.0000001,1.0000001,1.0000001
1,2,2,1.0000001,1.0000001,1.0000001
1,2,2,1.0000001,1.0000002,1.0000001
1,2,2,1.0000001,1.0000001,1.0000001
0,0,0,0.99995196,0.99995196,0.99995196
0,0,1,0.99995196,0.99995196,0.99995196
0,0,2,0.99995196,0.99995196,0.99995196
1,1,1,0.99995196,0.99995196,0.99995196
1,1,1,0.99995196,0.99995196,0.99995196
1,1,1,0.99995196,0.9779133,0.99995196
1,1,1,0.99995196,0.99995196,0.99995196
1,1,1,0.99995196,0.99995196,0.99995196
1,1,1,0.99995196,0.99995196,0.99995196
1,1,1,0.99995196,0.99995196,0.99995196
1,1,1,0.99995196,0.99995196,0.99995196
1,1,1,1.0000001,0.99995196,0.99995196
1,1,2,0.99995196,0.99995196,0.99995196
1,1,2,0.99995196,0.99995196,0.99995196
1,1,2,0.99995196,0.99995196,0.99995196
1,1,2,0.99995196,0.99995196,0.99995196
1,1,2,0.99995196,0.99995196,0.99995196
1,1,2,0.99995196,0.99995196,0.99995196
1,1,2,0.99995196,0.99995196,0.99995196
1,1,2,1.0000001,0.99995196,0.99995196
1,1,2,0.99995196,0.99995196,0.99995196
1,2,1,0.99995196,0.99995196,0.99995196
1,2,1,0.99995196,0.99995196,0.99995196
1,2,1,0.99995196,0.99995196,0.99995196
1,2,1,0.99995196,0.99995196,0.99995196
1,2,1,1.0,0.99995196,0.99995196
1,2,1,0.99995196,0.99995196,0.99995196
1,2,1,0.99995196,0.99995196,0.99995196
1,2,1,0.99995196,0.99995196,0.99995196
1,2,1,0.99995196,0.99995196,0.99995196
1,2,2,1.0,0.99995196,1.0
1,2,2,0.99995196,0.99995196,0.99995196
1,2,2,0.99995196,0.99995196,0.99995196
1,2,2,0.99995196,0.99995196,0.99995196
1,2,2,0.99995196,0.99995196,0.99995196
1,2,2,0.99995196,0.99995196,0.99995196
1,2,2,0.99995196,0.99995196,0.99995196
1,2,2,0.99995196,0.99995196,0.99995196
1,2,2,0.99995196,0.99995196,0.99995196
0,0,0,1.0,1.0,1.0
0,0,1,1.0,1.0,1.0
0,0,2,1.0,1.0,0.92131644
1,1,1,1.0,1.0,1.0
1,1,1,1.0,1.0,1.0
1,1,1,1.0,1.0,0.94049656
1,1,1,1.0,1.0,0.9969801
1,1,1,1.0,1.0,1.0
1,1,1,1.0,1.0,1.0
1,1,1,1.0,1.0,1.0
1,1,1,1.0,1.0,1.0
1,1,1,1.0,1.0,1.0
1,1,2,1.0,1.0,1.0
1,1,2,1.0,1.0,1.0
1,1,2,1.0,1.0,0.8981733
1,1,2,1.0,1.0,1.0
1,1,2,1.0,1.0,1.0
1,1,2,1.0,1.0,1.0
1,1,2,1.0,1.0,1.0
1,1,2,1.0,1.0,0.94049656
1,1,2,1.0,1.0,0.99511206
1,2,1,1.0,1.0,1.0
1,2,1,1.0,1.0,1.0
1,2,1,1.0,1.0,1.0
1,2,1,1.0,1.0,0.9851054
1,2,1,1.0,1.0,1.0
1,2,1,1.0,1.0,1.0
1,2,1,1.0,1.0,1.0
1,2,1,1.0,1.0,1.0
1,2,1,1.0,1.0,1.0
1,2,2,1.0,1.0,0.9851054
1,2,2,1.0,1.0,1.0
1,2,2,1.0,1.0,1.0
1,2,2,1.0,1.0,1.0
1,2,2,1.0,1.0,1.0
1,2,2,1.0,1.0,1.0
1,2,2,1.0,1.0,1.0
1,2,2,1.0,1.0,1.0
1,2,2,1.0,1.0,1.0
0,0,0,1.0,1.0,1.0
0,0,1,1.0,1.0,1.0
0,0,2,1.0,1.0,1.0
1,1,1,1.0,1.0,1.0
1,1,1,1.0,1.0,0.9794565
1,1,1,1.0,1.0,1.0
1,1,1,1.0,1.0,1.0
1,1,1,1.0,1.0,1.0
1,1,1,1.0,1.0,1.0
1,1,1,1.0,1.0,1.0
1,1,1,1.0,1.0,1.0
1,1,1,1.0,1.0,1.0
1,1,2,1.0,1.0,1.0
1,1,2,1.0,1.0,1.0
1,1,2,1.0,1.0,1.0
1,1,2,1.0,1.0,1.0
1,1,2,1.0,0.8623799,1.0
1,1,2,1.0,1.0,1.0
1,1,2,1.0,1.0,1.0
1,1,2,1.0,1.0,0.8927702
1,1,2,1.0,1.0,1.0
1,2,1,1.0,1.0,1.0
1,2,1,1.0,1.0,1.0
1,2,1,1.0,1.0,1.0
1,2,1,1.0,1.0,0.85935014
1,2,1,1.0,1.0,1.0
1,2,1,1.0,1.0,1.0
1,2,1,1.0,1.0,1.0
1,2,1,1.0,1.0,1.0
1,2,1,1.0,1.0,1.0
1,2,2,1.0,1.0,1.0
1,2,2,1.0,1.0,1.0
1,2,2,1.0,1.0,1.0
1,2,2,1.0,1.0,1.0
1,2,2,1.0,1.0,0.85935014
1,2,2,1.0,1.0,1.0
1,2,2,1.0,1.0,1.0
1,2,2,1.0,1.0,1.0
1,2,2,1.0,0.98138404,1.0
0,0,0,1.0,1.0,1.0
0,0,1,1.0,1.0,1.0
0,0,2,1.0,1.0,1.0
1,1,1,1.0,1.0,1.0
1,1,1,1.0,1.0,1.0
1,1,1,1.0,1.0,1.0
1,1,1,1.0,0.9044151,1.0
1,1,1,1.0,1.0,1.0
1,1,1,1.0,1.0,1.0
1,1,1,1.0,1.0,1.0
1,1,1,1.0,1.0,1.0
1,1,1,1.0,1.0,0.94029856
1,1,2,1.0,1.0,1.0
1,1,2,1.0,1.0,1.0
1,1,2,1.0,0.94029856,0.94029856
1,1,2,1.0,1.0,1.0
1,1,2,1.0,1.0,1.0
1,1,2,1.0,1.0,0.94029856
1,1,2,1.0,1.0,0.89507806
1,1,2,1.0,1.0,1.0
1,1,2,1.0,1.0,1.0
1,2,1,1.0,0.99966663,1.0
1,2,1,1.0,1.0,1.0
1,2,1,1.0,1.0,1.0
1,2,1,1.0,1.0,1.0
1,2,1,1.0,0.93487287,1.0
1,2,1,1.0,1.0,1.0
1,2,1,1.0,1.0,1.0
1,2,1,1.0,1.0,1.0
1,2,1,0.9526431,1.0,1.0
1,2,2,1.0,1.0,1.0
1,2,2,1.0,0.9059124,1.0
1,2,2,1.0,1.0,1.0
1,2,2,1.0,1.0,1.0
1,2,2,1.0,1.0,1.0
1,2,2,1.0,1.0,1.0
1,2,2,1.0,0.9831356,1.0
1,2,2,1.0,1.0,1.0
1,2,2,0.9831356,1.0,1.0
0,0,0,1.0,1.0,1.0
0,0,1,1.0,1.0,0.9991466
0,0,2,1.0,1.0,0.9991466
1,1,1,1.0,0.9991466,1.0
1,1,1,1.0,0.9991466,0.9991466
1,1,1,1.0,1.0,0.9991466
1,1,1,1.0,0.9991466,1.0
1,1,1,1.0,1.0,0.9991466
1,1,1,1.0,1.0,0.9991466
1,1,1,1.0,0.9991466,1.0
1,1,1,1.0,1.0,0.9991466
1,1,1,1.0,0.9991466,0.9991466
1,1,2,1.0,1.0,0.9991466
1,1,2,1.0,0.9991466,0.9991466
1,1,2,1.0,0.9991466,0.9991466
1,1,2,0.9991466,0.9991466,1.0
1,1,2,0.9991466,0.9991466,0.9991466
1,1,2,0.9991466,0.9991466,0.9991466
1,1,2,0.9991466,0.9991466,1.0
1,1,2,0.9991466,1.0,1.0
1,1,2,0.9991466,0.9991466,0.9991466
1,2,1,1.0,0.9991466,0.9991466
1,2,1,0.9991466,1.0,1.0
1,2,1,1.0,0.9991466,0.9991466
1,2,1,1.0,0.9991466,1.0
1,2,1,0.9991466,0.9991466,0.9991466
1,2,1,1.0,1.0,1.0
1,2,1,0.9991466,1.0,1.0
1,2,1,1.0,1.0,0.8602149
1,2,1,1.0,0.9991466,0.9991466
1,2,2,1.0,0.9991466,1.0
1,2,2,0.9991466,0.9991466,0.9991466
1,2,2,0.9991466,1.0,0.9991466
1,2,2,0.9991466,1.0,0.9991466
1,2,2,0.9991466,1.0,0.9991466
1,2,2,1.0,1.0,0.9991466
1,2,2,0.9991466,1.0,1.0
1,2,2,1.0,1.0,1.0
1,2,2,1.0,1.0,0.9991466
0,0,0,1.0,1.0,1.0
0,0,1,1.0,1.0,1.0
0,0,2,1.0,1.0,1.0
1,1,1,1.0,1.0,1.0
1,1,1,1.0,1.0,1.0
1,1,1,1.0,1.0,1.0
1,1,1,1.0,1.0,1.0
1,1,1,1.0,1.0,1.0
1,1,1,1.0,1.0,1.0
1,1,1,1.0,1.0,1.0
1,1,1,1.0,1.0,1.0
1,1,1,1.0,1.0,1.0
1,1,2,1.0,1.0,1.0
1,1,2,1.0,1.0,1.0
1,1,2,1.0,1.0,1.0
1,1,2,1.0,0.9811933,1.0
1,1,2,1.0,1.0,1.0
1,1,2,1.0,1.0,1.0
1,1,2,1.0,1.0,1.0
1,1,2,1.0,1.0,1.0
1,1,2,1.0,1.0,1.0
1,2,1,1.0,1.0,1.0
1,2,1,1.0,1.0,1.0
1,2,1,1.0,1.0,1.0
1,2,1,1.0,1.0,1.0
1,2,1,1.0,1.0,1.0
1,2,1,0.9811933,1.0,1.0
1,2,1,1.0,1.0,1.0
1,2,1,1.0,1.0,1.0
1,2,1,1.0,1.0,1.0
1,2,2,1.0,1.0,1.0
1,2,2,1.0,1.0,1.0
1,2,2,1.0,1.0,1.0
1,2,2,1.0,1.0,1.0
1,2,2,1.0,1.0,1.0
1,2,2,1.0,1.0,1.0
1,2,2,1.0,1.0,1.0
1,2,2,1.0,1.0,1.0
1,2,2,1.0,1.0,1.0
0,0,0,1.0,1.0,1.0
0,0,1,1.0,1.0,1.0
0,0,2,1.0,1.0,0.9769912
1,1,1,0.9769912,1.0,1.0
1,1,1,1.0,1.0,1.0
1,1,1,1.0,1.0,0.9769912
1,1,1,1.0,1.0,1.0
1,1,1,1.0,1.0,1.0
1,1,1,1.0,1.0,1.0
1,1,1,1.0,1.0,1.0
1,1,1,1.0,1.0,1.0
1,1,1,1.0,1.0,1.0
1,1,2,1.0,1.0,0.9459764
1,1,2,1.0,1.0,1.0
1,1,2,1.0,1.0,1.0
1,1,2,1.0,1.0,1.0
1,1,2,1.0,1.0,1.0
1,1,2,1.0,1.0,1.0
1,1,2,0.9459763,1.0,1.0
1,1,2,1.0,1.0,1.0
1,1,2,1.0,1.0,1.0
1,2,1,1.0,1.0,1.0
1,2,1,0.9459763,1.0,1.0
1,2,1,1.0,1.0,1.0
1,2,1,1.0,1.0,0.9459764
1,2,1,1.0,1.0,1.0
1,2,1,1.0,1.0,1.0
1,2,1,1.0,1.0,1.0
1,2,1,1.0,1.0,1.0
1,2,1,1.0,1.0,1.0
1,2,2,1.0,1.0,1.0
1,2,2,1.0,1.0,0.9769912
1,2,2,1.0,1.0,1.0
1,2,2,1.0,1.0,0.9459764
1,2,2,1.0,1.0,0.9769912
1,2,2,1.0,1.0,0.9990418
1,2,2,1.0,1.0,1.0
1,2,2,1.0,0.96727663,1.0
1,2,2,1.0,1.0,1.0
0,0,0,1.0000001,1.0000001,1.0000001
0,0,1,1.0000001,1.0000001,1.0000001
0,0,2,1.0000001,1.0000001,1.0000001
1,1,1,1.0000001,1.0000001,1.0000001
1,1,1,1.0000001,1.0000001,1.0000001
1,1,1,1.0000001,1.0000001,1.0000001
1,1,1,1.0000001,1.0000001,1.0000001
1,1,1,1.0000001,1.0000001,1.0000001
1,1,1,1.0000001,1.0000001,1.0000001
1,1,1,1.0000001,1.0000001,1.0000001
1,1,1,1.0000001,1.0000001,1.0000001
1,1,1,1.0000001,1.0000001,1.0000001
1,1,2,1.0000001,1.0000001,1.0000001
1,1,2,1.0000001,1.0000001,1.0000001
1,1,2,1.0000001,1.0000001,1.0000001
1,1,2,1.0000001,1.0000001,1.0000001
1,1,2,1.0000001,1.0000001,1.0000001
1,1,2,1.0000001,1.0000001,1.0000001
1,1,2,1.0000001,1.0000001,1.0000001
1,1,2,1.0000001,1.0000001,1.0000001
1,1,2,1.0000001,1.0000001,1.0000001
1,2,1,1.0000001,1.0000001,1.0000001
1,2,1,1.0000001,1.0000001,1.0000001
1,2,1,1.0000001,1.0000001,1.0000001
1,2,1,1.0000001,1.0000001,1.0000001
1,2,1,1.0000001,1.0000001,1.0000001
1,2,1,1.0000001,1.0000001,1.0000001
1,2,1,1.0000001,1.0000001,1.0000001
1,2,1,1.0000001,0.8483349,1.0000001
1,2,1,1.0000001,1.0000001,1.0000001
1,2,2,1.0000001,1.0000001,1.0000001
1,2,2,1.0000001,1.0000001,1.0000001
1,2,2,1.0000001,1.0000001,1.0000001
1,2,2,1.0000001,1.0000001,1.0000001
1,2,2,1.0000001,1.0000001,1.0000001
1,2,2,1.0000001,1.0000001,1.0000001
1,2,2,1.0000001,1.0000001,1.0000001
1,2,2,1.0000001,1.0000001,1.0000001
1,2,2,1.0000001,1.0000001,1.0000001
0,0,0,0.990216,0.990216,0.87578577
0,0,1,0.990216,0.990216,0.74970984
0,0,2,0.990216,0.8625755,0.74184895
1,1,1,0.96126854,0.8319727,0.6923801
1,1,1,0.9869546,0.8541665,0.5432219
1,1,1,0.8782475,0.8081839,0.67504907
1,1,1,0.990216,0.82442653,0.7169286
1,1,1,0.98700863,0.9553995,0.7547121
1,1,1,0.91494083,0.8825198,0.7264281
1,1,1,0.86555207,0.97172916,0.7772646
1,1,1,0.9587464,0.98700863,0.71025884
1,1,1,0.8186796,0.9079803,0.8645122
1,1,2,0.85756725,0.9868039,0.8235828
1,1,2,0.986601,0.9082909,0.71276945
1,1,2,0.9850055,0.9850055,0.5719041
1,1,2,0.9429536,0.9429536,0.734533
1,1,2,0.8426564,0.9646618,0.5987295
1,1,2,0.82922655,0.98562074,0.65619457
1,1,2,0.97476053,0.8639633,0.83782977
1,1,2,0.8570101,0.92400885,0.6681572
1,1,2,0.9821949,0.94765425,0.57952225
1,2,1,0.98330146,0.9854667,0.7406387
1,2,1,0.8838439,0.8974179,0.6430985
1,2,1,0.9829052,0.8633696,0.7802157
1,2,1,0.9830805,0.9155754,0.6527817
1,2,1,0.8515513,0.9807926,0.7162136
1,2,1,0.909968,0.9850055,0.668648
1,2,1,0.8651222,0.8593724,0.6341947
1,2,1,0.91431904,0.75313634,0.73780847
1,2,1,0.8998597,0.86555207,0.7992976
1,2,2,0.990216,0.9868039,0.6095946
1,2,2,0.9783125,0.8510453,0.6014063
1,2,2,0.8660588,0.9183608,0.71384645
1,2,2,0.8591142,0.97245795,0.6648248
1,2,2,0.8478341,0.8998434,0.7755468
1,2,2,0.9822272,0.9822272,0.53978324
1,2,2,0.85294217,0.90771115,0.82522094
1,2,2,0.9137956,0.990216,0.7568251
1,2,2,0.98349804,0.91537637,0.8213042
0,0,0,0.9382601,0.9382601,0.9382601
0,0,1,0.9382601,0.93608296,0.86352456
0,0,2,0.9382601,0.9382601,0.9382601
1,1,1,0.9382601,0.940828,0.9382601
1,1,1,0.9163632,0.9163632,0.9382601
1,1,1,0.9382601,0.86118823,0.9382601
1,1,1,0.9206326,0.9382601,0.9382601
1,1,1,0.9382601,0.92071223,0.9382601
1,1,1,0.9382601,0.9382601,0.9382601
1,1,1,0.9382601,0.9382601,0.8968977
1,1,1,0.9382601,0.9382601,0.91868687
1,1,1,0.9382601,0.9382601,0.8891507
1,1,2,0.92345613,0.92838347,0.94451034
1,1,2,0.94451034,0.9096299,0.9382601
1,1,2,0.85726094,0.9382601,0.8644207
1,1,2,0.9382601,0.9382601,0.87875634
1,1,2,0.9382601,0.9159446,0.8942274
1,1,2,0.9382601,0.93608296,0.86038685
1,1,2,0.9382601,0.9382601,0.9382601
1,1,2,0.9382601,0.8675893,0.87553996
1,1,2,0.91516995,0.9382601,0.7916616
1,2,1,0.9382601,0.9321465,0.9382601
1,2,1,0.9038149,0.9382601,0.8950627
1,2,1,0.9401804,0.934359,0.9401804
1,2,1,0.93649113,0.9382601,0.88660145
1,2,1,0.9127182,0.8883345,0.9382601
1,2,1,0.930063,0.930063,0.9382601
1,2,1,0.9382601,0.9382601,0.9382601
1,2,1,0.9382601,0.88627154,0.9382601
1,2,1,0.9382601,0.9382601,0.9254543
1,2,2,0.9382601,0.9382601,0.8966198
1,2,2,0.9378058,0.90440714,0.9356582
1,2,2,0.9370425,0.93888557,0.93888557
1,2,2,0.9302033,0.93608296,0.9382601
1,2,2,0.9325882,0.9041866,0.9382601
1,2,2,0.94451034,0.9372857,0.9382601
1,2,2,0.92377245,0.92364806,0.9382601
1,2,2,0.9382601,0.9309399,0.9382601
1,2,2,0.9382601,0.9382601,0.87939006
0,0,0,0.8571334,0.8834321,0.85837746
0,0,1,0.8834321,0.85837746,0.8834321
0,0,2,0.838518,0.77757525,0.77705956
1,1,1,0.8571334,0.8834321,0.77757525
1,1,1,0.85818493,0.8834321,0.8834321
1,1,1,0.85837746,0.8570557,0.8834321
1,1,1,0.8834321,0.838518,0.8834321
1,1,1,0.85829335,0.8834321,0.8834321
1,1,1,0.8834321,0.8348369,0.8624911
1,1,1,0.8834321,0.8834321,0.8834321
1,1,1,0.8834321,0.8834321,0.88307434
1,1,1,0.8834321,0.85837746,0.8834321
1,1,2,0.85837746,0.8834321,0.8743601
1,1,2,0.8834321,0.8834321,0.8863552
1,1,2,0.8834321,0.8834321,0.8834321
1,1,2,0.8834321,0.7960968,0.8834321
1,1,2,0.8834321,0.85713345,0.8834321
1,1,2,0.8834321,0.8774412,0.85713345
1,1,2,0.84884715,0.7770595,0.8706944
1,1,2,0.85837746,0.8834321,0.81845725
1,1,2,0.8834321,0.85837746,0.8834321
1,2,1,0.8834321,0.8834321,0.8834321
1,2,1,0.8834321,0.8834321,0.8834321
1,2,1,0.8834321,0.8834321,0.8834321
1,2,1,0.8834321,0.85837746,0.8591341
1,2,1,0.8834321,0.8834321,0.8834321
1,2,1,0.8013971,0.8834321,0.8834321
1,2,1,0.8834321,0.8834321,0.85830665
1,2,1,0.8834321,0.8834321,0.8834321
1,2,1,0.85837746,0.8013971,0.85837746
1,2,2,0.8834321,0.8834321,0.8834321
1,2,2,0.8834321,0.8834321,0.8385181
1,2,2,0.8834321,0.8834321,0.8834321
1,2,2,0.8834321,0.8834321,0.85837746
1,2,2,0.8834321,0.8834321,0.8798678
1,2,2,0.77757525,0.8834321,0.8834321
1,2,2,0.8834321,0.8834321,0.8834321
1,2,2,0.8571334,0.8441406,0.8834321
1,2,2,0.8834321,0.8834321,0.8834321
0,0,0,1.0,1.0,1.0
0,0,1,1.0,1.0,1.0
0,0,2,1.0,1.0,1.0
1,1,1,0.7924331,1.0,1.0
1,1,1,1.0,1.0,1.0
1,1,1,1.0,1.0,1.0
1,1,1,1.0,1.0,1.0
1,1,1,1.0,1.0,1.0
1,1,1,1.0,1.0,1.0
1,1,1,1.0,1.0,1.0
1,1,1,1.0,0.77525914,1.0
1,1,1,1.0,1.0,1.0
1,1,2,1.0,1.0,1.0
1,1,2,1.0,0.7294648,1.0
1,1,2,1.0,1.0,1.0
1,1,2,1.0,1.0,1.0
1,1,2,1.0,0.8358301,1.0
1,1,2,1.0,1.0,1.0
1,1,2,1.0,1.0,1.0
1,1,2,1.0,1.0,1.0
1,1,2,1.0,1.0,1.0
1,2,1,1.0,1.0,1.0
1,2,1,1.0,1.0,1.0
1,2,1,0.98651284,1.0,1.0
1,2,1,1.0,1.0,1.0
1,2,1,1.0,1.0,1.0
1,2,1,1.0,1.0,1.0
1,2,1,1.0,1.0,1.0
1,2,1,1.0,1.0,1.0
1,2,1,1.0,1.0,1.0
1,2,2,1.0,1.0,1.0
1,2,2,1.0,1.0,1.0
1,2,2,1.0,1.0,1.0
1,2,2,1.0,1.0,0.9986605
1,2,2,1.0,1.0,1.0
1,2,2,1.0,1.0,1.0
1,2,2,1.0,1.0,1.0
1,2,2,1.0,1.0,1.0
1,2,2,1.0,1.0,1.0
0,0,0,1.0,1.0,1.0
0,0,1,1.0,0.99382734,1.0
0,0,2,0.99360305,1.0,0.99382734
1,1,1,0.9981568,0.8860891,1.0
1,1,1,0.9930382,0.9983057,0.99382734
1,1,1,0.99382734,0.99382734,0.99382734
1,1,1,0.99575573,0.88716,0.99382734
1,1,1,0.9644141,0.99382734,1.0
1,1,1,1.0,0.9895708,0.99382734
1,1,1,0.99382734,0.99382734,0.8868574
1,1,1,0.99382734,0.95680135,0.9981568
1,1,1,0.9579724,0.95680135,0.99382734
1,1,2,0.9981568,0.88716,0.99382734
1,1,2,0.99360305,0.78617007,0.99382734
1,1,2,0.99824727,0.9930382,0.9930382
1,1,2,0.9981568,0.9981568,0.99382734
1,1,2,0.9930382,0.64458275,0.9908594
1,1,2,0.99382734,0.88716,0.8826124
1,1,2,1.0,0.99382734,0.8860891
1,1,2,0.99382734,0.99382734,0.8782102
1,1,2,0.99382734,0.9981568,0.99382734
1,2,1,0.9930382,0.88716,0.99360305
1,2,1,0.9981568,0.99077886,0.99382734
1,2,1,0.99360305,0.93448377,0.99382734
1,2,1,0.9981568,0.99382734,0.9930382
1,2,1,0.99382734,0.8868574,1.0
1,2,1,0.9908594,0.99360305,0.99308646
1,2,1,0.9908594,0.88716,0.9981568
1,2,1,0.99361396,0.9649167,0.88716
1,2,1,1.0,0.99382734,0.99674463
1,2,2,1.0,0.99382734,0.99382734
1,2,2,0.95720935,0.8826124,0.99382734
1,2,2,0.9981568,0.9190901,1.0
1,2,2,1.0,0.99382734,0.8826124
1,2,2,0.99382734,0.88716,0.99382734
1,2,2,0.9981568,0.9930382,0.99382734
1,2,2,0.9908594,0.8860891,0.9516546
1,2,2,0.99308646,0.94482577,0.88716
1,2,2,0.99382734,0.92767775,0.9983057
0,0,0,0.95103467,0.9687486,0.9545412
0,0,1,0.9687486,0.9687486,0.95018744
0,0,2,0.9648726,0.9687486,0.96605897
1,1,1,0.95553416,0.9536871,0.9687486
1,1,1,0.9687486,0.91500354,0.9252149
1,1,1,0.9536871,0.9687486,0.9536871
1,1,1,0.9687486,0.9236123,0.95553416
1,1,1,0.96605897,0.95018744,0.9305545
1,1,1,0.9536871,0.953359,0.9092802
1,1,1,0.9545412,0.9687486,0.9536871
1,1,1,0.96492887,0.9536871,0.9481065
1,1,1,0.953359,0.9536871,0.95553416
1,1,2,0.9536871,0.9092802,0.9559264
1,1,2,0.9687486,0.9687486,0.9536871
1,1,2,0.9092802,0.9562543,0.96492887
1,1,2,0.95018744,0.9285483,0.9687486
1,1,2,0.9687486,0.9287496,0.9559264
1,1,2,0.9536871,0.9536871,0.950876
1,1,2,0.9536871,0.95018744,0.9687486
1,1,2,0.95018744,0.96572125,0.95553416
1,1,2,0.9687486,0.91500354,0.95437056
1,2,1,0.95018744,0.9236123,0.95018744
1,2,1,0.9536871,0.9536871,0.9687486
1,2,1,0.953359,0.9536871,0.9545412
1,2,1,0.9687486,0.9236123,0.9268618
1,2,1,0.953359,0.95205575,0.9328786
1,2,1,0.95553416,0.9687486,0.95018744
1,2,1,0.96492887,0.95018744,0.95018744
1,2,1,0.9536871,0.96572125,0.9687486
1,2,1,0.95018744,0.9252149,0.9687486
1,2,2,0.9687486,0.9536871,0.95018744
1,2,2,0.9687486,0.9687486,0.8090099
1,2,2,0.95018744,0.9225549,0.9328786
1,2,2,0.9687486,0.95018744,0.9287496
1,2,2,0.9536871,0.9536871,0.9687486
1,2,2,0.9536871,0.9092802,0.9595301
1,2,2,0.9687486,0.95553416,0.9203709
1,2,2,0.9212931,0.9561126,0.95553416
1,2,2,0.9536871,0.9233497,0.9687486
0,0,0,1.0000001,1.0000001,1.0000001
0,0,1,0.8068052,1.0000001,1.0000001
0,0,2,1.0000001,1.0000001,1.0000001
1,1,1,1.0000001,1.0000001,1.0000001
1,1,1,1.0000001,1.0000001,1.0000001
1,1,1,1.0000001,1.0000001,1.0000001
1,1,1,1.0000001,1.0000001,1.0000001
1,1,1,1.0000001,1.0000001,1.0000001
1,1,1,1.0000001,1.0000001,1.0000001
1,1,1,1.0000001,1.0000001,1.0000001
1,1,1,1.0000001,1.0000001,1.0000001
1,1,1,1.0000001,1.0000001,1.0000001
1,1,2,1.0000001,1.0000001,1.0000001
1,1,2,1.0000001,1.0000001,1.0000001
1,1,2,1.0000001,1.0000001,1.0000001
1,1,2,1.0000001,1.0000001,1.0000001
1,1,2,1.0000001,1.0000001,1.0000001
1,1,2,1.0000001,1.0000001,1.0000001
1,1,2,1.0000001,1.0000001,1.0000001
1,1,2,1.0000001,1.0000001,1.0000001
1,1,2,1.0000001,1.0000001,1.0000001
1,2,1,1.0000001,1.0000001,1.0000001
1,2,1,1.0000001,1.0000001,1.0000001
1,2,1,1.0000001,1.0000001,1.0000001
1,2,1,1.0000001,1.0000001,1.0000001
1,2,1,1.0000001,1.0000001,1.0000001
1,2,1,1.0000001,1.0000001,1.0000001
1,2,1,0.8996432,1.0000001,1.0000001
1,2,1,1.0000001,1.0000001,1.0000001
1,2,1,1.0000001,1.0000001,1.0000001
1,2,2,1.0000001,1.0000001,1.0000001
1,2,2,1.0000001,0.9955276,1.0000001
1,2,2,1.0000001,1.0000001,1.0000001
1,2,2,1.0000001,1.0000001,1.0000001
1,2,2,1.0000001,1.0000001,1.0000001
1,2,2,1.0000001,1.0000001,1.0000001
1,2,2,1.0000001,0.9997742,1.0000001
1,2,2,1.0000001,1.0000001,1.0000001
1,2,2,1.0000001,0.9713547,1.0000001
