T,Z_race,Z_gender,original_outcome,rt_es_outcome,rt_da_outcome,original_m_safechat_compression,rt_es_m_safechat_compression,rt_da_m_safechat_compression
0,0,0,1.0,1.0,1.0,0.0,0.0,0.0
0,0,1,1.0,1.0,1.0,0.0,0.0,0.0
0,0,2,1.0,1.0,1.0,0.0,0.0,0.0
1,1,1,1.0,1.0,1.0,0.0,0.0,0.0
1,1,1,1.0,1.0,1.0,0.0,0.0,0.0
1,1,1,1.0,1.0,1.0,0.0,0.0,0.0
1,1,1,1.0,1.0,1.0,0.0,0.0,0.0
1,1,1,1.0,1.0,1.0,0.0,0.0,0.0
1,1,1,1.0,1.0,1.0,0.0,0.0,0.0
1,1,1,1.0,1.0,1.0,0.0,0.0,0.0
1,1,1,1.0,1.0,1.0,0.0,0.0,0.0
1,1,1,1.0,1.0,1.0,0.0,0.0,0.0
1,1,2,1.0,1.0,1.0,0.0,0.0,0.0
1,1,2,1.0,1.0,1.0,0.0,0.0,0.0
1,1,2,1.0,1.0,1.0,0.0,0.0,0.0
1,1,2,1.0,1.0,1.0,0.0,0.0,0.0
1,1,2,1.0,1.0,1.0,0.0,0.0,0.0
1,1,2,1.0,1.0,1.0,0.0,0.0,0.0
1,1,2,1.0,1.0,1.0,0.0,0.0,0.0
1,1,2,1.0,1.0,1.0,0.0,0.0,0.0
1,1,2,1.0,1.0,1.0,0.0,0.0,0.0
1,2,1,1.0,1.0,1.0,0.0,0.0,0.0
1,2,1,1.0,1.0,1.0,0.0,0.0,0.0
1,2,1,1.0,1.0,1.0,0.0,0.0,0.0
1,2,1,1.0,1.0,1.0,0.0,0.0,0.0
1,2,1,1.0,1.0,1.0,0.0,0.0,0.0
1,2,1,1.0,1.0,1.0,0.0,0.0,0.0
1,2,1,1.0,1.0,1.0,0.0,0.0,0.0
1,2,1,1.0,1.0,1.0,0.0,0.0,0.0
1,2,1,1.0,1.0,1.0,0.0,0.0,0.0
1,2,2,1.0,1.0,1.0,0.0,0.0,0.0
1,2,2,1.0,1.0,1.0,0.0,0.0,0.0
1,2,2,1.0,1.0,1.0,0.0,0.0,0.0
1,2,2,1.0,1.0,1.0,0.0,0.0,0.0
1,2,2,1.0,1.0,1.0,0.0,0.0,0.0
1,2,2,1.0,1.0,1.0,0.0,0.0,0.0
1,2,2,1.0,1.0,1.0,0.0,0.0,0.0
1,2,2,1.0,1.0,1.0,0.0,0.0,0.0
1,2,2,-0.012575634,-0.012575634,-0.012575634,0.0,0.0,0.0
0,0,0,1.0,1.0,1.0,0.0,0.0,0.0
0,0,1,1.0,1.0,1.0,0.0,0.0,0.0
0,0,2,1.0,1.0,1.0,0.0,0.0,0.0
1,1,1,1.0,1.0,1.0,0.0,0.0,0.0
1,1,1,1.0,1.0,1.0,0.0,0.0,0.0
1,1,1,1.0,1.0,1.0,0.0,0.0,0.0
1,1,1,1.0,1.0,1.0,0.0,0.0,0.0
1,1,1,1.0,1.0,1.0,0.0,0.0,0.0
1,1,1,1.0,1.0,1.0,0.0,0.0,0.0
1,1,1,1.0,1.0,1.0,0.0,0.0,0.0
1,1,1,1.0,1.0,1.0,0.0,0.0,0.0
1,1,1,1.0,1.0,1.0,0.0,0.0,0.0
1,1,2,1.0,1.0,1.0,0.0,0.0,0.0
1,1,2,1.0,1.0,1.0,0.0,0.0,0.0
1,1,2,1.0,1.0,1.0,0.0,0.0,0.0
1,1,2,1.0,1.0,1.0,0.0,0.0,0.0
1,1,2,1.0,1.0,1.0,0.0,0.0,0.0
1,1,2,1.0,1.0,1.0,0.0,0.0,0.0
1,1,2,1.0,1.0,1.0,0.0,0.0,0.0
1,1,2,1.0,1.0,1.0,0.0,0.0,0.0
1,1,2,1.0,1.0,1.0,0.0,0.0,0.0
1,2,1,1.0,1.0,1.0,0.0,0.0,0.0
1,2,1,1.0,1.0,1.0,0.0,0.0,0.0
1,2,1,1.0,1.0,1.0,0.0,0.0,0.0
1,2,1,1.0,1.0,1.0,0.0,0.0,0.0
1,2,1,1.0,1.0,1.0,0.0,0.0,0.0
1,2,1,1.0,1.0,1.0,0.0,0.0,0.0
1,2,1,1.0,1.0,1.0,0.0,0.0,0.0
1,2,1,1.0,1.0,1.0,0.0,0.0,0.0
1,2,1,1.0,1.0,1.0,0.0,0.0,0.0
1,2,2,1.0,1.0,1.0,0.0,0.0,0.0
1,2,2,1.0,1.0,1.0,0.0,0.0,0.0
1,2,2,1.0,1.0,1.0,0.0,0.0,0.0
1,2,2,1.0,1.0,1.0,0.0,0.0,0.0
1,2,2,1.0,1.0,1.0,0.0,0.0,0.0
1,2,2,1.0,1.0,1.0,0.0,0.0,0.0
1,2,2,1.0,1.0,1.0,0.0,0.0,0.0
1,2,2,1.0,1.0,1.0,0.0,0.0,0.0
1,2,2,1.0,1.0,1.0,0.0,0.0,0.0
0,0,0,1.0,1.0,1.0,0.0,0.0,0.0
0,0,1,1.0,1.0,1.0,0.0,0.0,0.0
0,0,2,1.0,1.0,1.0,0.0,0.0,0.0
1,1,1,1.0,1.0,1.0,0.0,0.0,0.0
1,1,1,1.0,1.0,1.0,0.0,0.0,0.0
1,1,1,1.0,1.0,1.0,0.0,0.0,0.0
1,1,1,1.0,1.0,1.0,0.0,0.0,0.0
1,1,1,1.0,1.0,1.0,0.0,0.0,0.0
1,1,1,1.0,1.0,1.0,0.0,0.0,0.0
1,1,1,1.0,1.0,1.0,0.0,0.0,0.0
1,1,1,1.0,1.0,1.0,0.0,0.0,0.0
1,1,1,1.0,1.0,1.0,0.0,0.0,0.0
1,1,2,1.0,1.0,1.0,0.0,0.0,0.0
1,1,2,1.0,1.0,1.0,0.0,0.0,0.0
1,1,2,1.0,1.0,1.0,0.0,0.0,0.0
1,1,2,1.0,1.0,1.0,0.0,0.0,0.0
1,1,2,1.0,1.0,1.0,0.0,0.0,0.0
1,1,2,1.0,1.0,1.0,0.0,0.0,0.0
1,1,2,1.0,1.0,1.0,0.0,0.0,0.0
1,1,2,1.0,1.0,1.0,0.0,0.0,0.0
1,1,2,1.0,1.0,1.0,0.0,0.0,0.0
1,2,1,1.0,1.0,1.0,0.0,0.0,0.0
1,2,1,1.0,1.0,1.0,0.0,0.0,0.0
1,2,1,1.0,1.0,1.0,0.0,0.0,0.0
1,2,1,1.0,1.0,1.0,0.0,0.0,0.0
1,2,1,1.0,1.0,1.0,0.0,0.0,0.0
1,2,1,1.0,1.0,1.0,0.0,0.0,0.0
1,2,1,1.0,1.0,1.0,0.0,0.0,0.0
1,2,1,1.0,1.0,1.0,0.0,0.0,0.0
1,2,1,1.0,1.0,1.0,0.0,0.0,0.0
1,2,2,1.0,1.0,1.0,0.0,0.0,0.0
1,2,2,1.0,1.0,1.0,0.0,0.0,0.0
1,2,2,1.0,1.0,1.0,0.0,0.0,0.0
1,2,2,1.0,1.0,1.0,0.0,0.0,0.0
1,2,2,1.0,1.0,1.0,0.0,0.0,0.0
1,2,2,1.0,1.0,1.0,0.0,0.0,0.0
1,2,2,1.0,1.0,1.0,0.0,0.0,0.0
1,2,2,1.0,1.0,1.0,0.0,0.0,0.0
1,2,2,1.0,1.0,1.0,0.0,0.0,0.0
0,0,0,1.0000001,1.0000001,1.0000001,0.0,0.0,0.0
0,0,1,1.0000001,1.0000001,1.0000001,0.0,0.0,0.0
0,0,2,1.0000001,1.0000001,1.0000001,0.0,0.0,0.0
1,1,1,1.0000001,1.0000001,1.0000001,0.0,0.0,0.0
1,1,1,1.0000001,1.0000001,1.0000001,0.0,0.0,0.0
1,1,1,1.0000001,1.0000001,1.0000001,0.0,0.0,0.0
1,1,1,1.0000001,1.0000001,1.0000001,0.0,0.0,0.0
1,1,1,1.0000001,1.0000001,1.0000001,0.0,0.0,0.0
1,1,1,1.0000001,1.0000001,1.0000001,0.0,0.0,0.0
1,1,1,1.0000001,1.0000001,1.0000001,0.0,0.0,0.0
1,1,1,1.0000001,1.0000001,1.0000001,0.0,0.0,0.0
1,1,1,1.0000001,1.0000001,1.0000001,0.0,0.0,0.0
1,1,2,1.0000001,1.0000001,1.0000001,0.0,0.0,0.0
1,1,2,1.0000001,1.0000001,1.0000001,0.0,0.0,0.0
1,1,2,1.0000001,1.0000001,1.0000001,0.0,0.0,0.0
1,1,2,1.0000001,1.0000001,1.0000001,0.0,0.0,0.0
1,1,2,1.0000001,1.0000001,1.0000001,0.0,0.0,0.0
1,1,2,1.0000001,1.0000001,1.0000001,0.0,0.0,0.0
1,1,2,1.0000001,1.0000001,1.0000001,0.0,0.0,0.0
1,1,2,1.0000001,1.0000001,1.0000001,0.0,0.0,0.0
1,1,2,1.0000001,1.0000001,1.0000001,0.0,0.0,0.0
1,2,1,1.0000001,1.0000001,1.0000001,0.0,0.0,0.0
1,2,1,1.0000001,1.0000001,1.0000001,0.0,0.0,0.0
1,2,1,1.0000001,1.0000001,1.0000001,0.0,0.0,0.0
1,2,1,1.0000001,1.0000001,1.0000001,0.0,0.0,0.0
1,2,1,1.0000001,1.0000001,1.0000001,0.0,0.0,0.0
1,2,1,1.0000001,1.0000001,1.0000001,0.0,0.0,0.0
1,2,1,1.0000001,1.0000001,1.0000001,0.0,0.0,0.0
1,2,1,1.0000001,1.0000001,1.0000001,0.0,0.0,0.0
1,2,1,1.0000001,1.0000001,1.0000001,0.0,0.0,0.0
1,2,2,1.0000001,1.0000001,1.0000001,0.0,0.0,0.0
1,2,2,1.0000001,1.0000001,1.0000001,0.0,0.0,0.0
1,2,2,1.0000001,1.0000001,1.0000001,0.0,0.0,0.0
1,2,2,1.0000001,1.0000001,1.0000001,0.0,0.0,0.0
1,2,2,1.0000001,1.0000001,1.0000001,0.0,0.0,0.0
1,2,2,1.0000001,1.0000001,1.0000001,0.0,0.0,0.0
1,2,2,1.0000001,1.0000001,1.0000001,0.0,0.0,0.0
1,2,2,1.0000001,1.0000001,1.0000001,0.0,0.0,0.0
1,2,2,1.0000001,1.0000001,1.0000001,0.0,0.0,0.0
0,0,0,1.0,1.0,1.0,0.0,0.0,0.0
0,0,1,1.0,1.0,1.0,0.0,0.0,0.0
0,0,2,1.0,1.0,1.0,0.0,0.0,0.0
1,1,1,1.0,1.0,1.0,0.0,0.0,0.0
1,1,1,1.0,1.0,1.0,0.0,0.0,0.0
1,1,1,1.0,1.0,1.0,0.0,0.0,0.0
1,1,1,1.0,1.0,1.0,0.0,0.0,0.0
1,1,1,1.0,1.0,1.0,0.0,0.0,0.0
1,1,1,1.0,1.0,1.0,0.0,0.0,0.0
1,1,1,1.0,1.0,1.0,0.0,0.0,0.0
1,1,1,1.0,1.0,1.0,0.0,0.0,0.0
1,1,1,1.0,1.0,1.0,0.0,0.0,0.0
1,1,2,1.0,1.0,1.0,0.0,0.0,0.0
1,1,2,1.0,1.0,1.0,0.0,0.0,0.0
1,1,2,1.0,1.0,1.0,0.0,0.0,0.0
1,1,2,1.0,1.0,1.0,0.0,0.0,0.0
1,1,2,1.0,1.0,1.0,0.0,0.0,0.0
1,1,2,1.0,1.0,1.0,0.0,0.0,0.0
1,1,2,1.0,1.0,1.0,0.0,0.0,0.0
1,1,2,1.0,1.0,1.0,0.0,0.0,0.0
1,1,2,1.0,1.0,1.0,0.0,0.0,0.0
1,2,1,1.0,1.0,1.0,0.0,0.0,0.0
1,2,1,1.0,1.0,1.0,0.0,0.0,0.0
1,2,1,1.0,1.0,1.0,0.0,0.0,0.0
1,2,1,1.0,1.0,1.0,0.0,0.0,0.0
1,2,1,1.0,1.0,1.0,0.0,0.0,0.0
1,2,1,1.0,1.0,1.0,0.0,0.0,0.0
1,2,1,1.0,1.0,1.0,0.0,0.0,0.0
1,2,1,1.0,1.0,1.0,0.0,0.0,0.0
1,2,1,1.0,1.0,1.0,0.0,0.0,0.0
1,2,2,1.0,1.0,1.0,0.0,0.0,0.0
1,2,2,1.0,1.0,1.0,0.0,0.0,0.0
1,2,2,1.0,1.0,1.0,0.0,0.0,0.0
1,2,2,1.0,1.0,1.0,0.0,0.0,0.0
1,2,2,1.0,1.0,1.0,0.0,0.0,0.0
1,2,2,1.0,1.0,1.0,0.0,0.0,0.0
1,2,2,1.0,1.0,1.0,0.0,0.0,0.0
1,2,2,1.0,1.0,1.0,0.0,0.0,0.0
1,2,2,1.0,1.0,1.0,0.0,0.0,0.0
0,0,0,0.9683031,0.47969225,0.9683031,0.0,0.0,0.0
0,0,1,0.9683031,-0.022632932,0.9683031,0.0,0.0,0.0
0,0,2,0.9683031,0.47969225,0.9683031,0.0,0.0,0.0
1,1,1,0.9683031,0.47969225,0.96830314,0.0,0.0,0.0
1,1,1,0.9683031,0.47969225,0.96830314,0.0,0.0,0.0
1,1,1,0.9683031,-0.022632932,0.96830314,0.0,0.0,0.0
1,1,1,0.9683031,-0.022632932,0.9683031,0.0,0.0,0.0
1,1,1,0.9683031,-0.022632932,0.96830314,0.0,0.0,0.0
1,1,1,0.9683031,-0.022632932,0.96830314,0.0,0.0,0.0
1,1,1,0.9683031,0.47969225,0.96830314,0.0,0.0,0.0
1,1,1,0.9683031,-0.022632932,0.96830314,0.0,0.0,0.0
1,1,1,0.9683031,0.47969225,0.96830314,0.0,0.0,0.0
1,1,2,0.9683031,-0.022632932,0.96830314,0.0,0.0,0.0
1,1,2,0.9683031,0.47969225,0.96830314,0.0,0.0,0.0
1,1,2,0.9683031,-0.022632932,0.96830314,0.0,0.0,0.0
1,1,2,0.9683031,0.47969225,0.9683031,0.0,0.0,0.0
1,1,2,0.9683031,-0.022632932,0.9683031,0.0,0.0,0.0
1,1,2,0.9683031,0.47969225,0.9683031,0.0,0.0,0.0
1,1,2,0.9683031,-0.022632932,0.9683031,0.0,0.0,0.0
1,1,2,0.9683031,-0.022632932,0.9683031,0.0,0.0,0.0
1,1,2,0.9683031,-0.022632932,0.9683031,0.0,0.0,0.0
1,2,1,0.9683031,-0.022632932,0.9683031,0.0,0.0,0.0
1,2,1,0.9683031,-0.022632932,0.9683031,0.0,0.0,0.0
1,2,1,0.9683031,-0.022632932,0.9683031,0.0,0.0,0.0
1,2,1,0.9683031,-0.022632932,0.9683031,0.0,0.0,0.0
1,2,1,0.9683031,-0.022632932,0.9683031,0.0,0.0,0.0
1,2,1,0.9683031,0.47969225,0.9683031,0.0,0.0,0.0
1,2,1,0.9683031,-0.022632932,0.9683031,0.0,0.0,0.0
1,2,1,0.9683031,0.47969225,0.9683031,0.0,0.0,0.0
1,2,1,0.9683031,0.47969225,0.9683031,0.0,0.0,0.0
1,2,2,0.9683031,0.47969225,0.9683031,0.0,0.0,0.0
1,2,2,0.9683031,0.47969225,0.9683031,0.0,0.0,0.0
1,2,2,0.9683031,0.47969225,0.9683031,0.0,0.0,0.0
1,2,2,0.9683031,-0.022632932,0.9683031,0.0,0.0,0.0
1,2,2,0.9683031,-0.022632932,0.9683031,0.0,0.0,0.0
1,2,2,0.9683031,-0.022632932,0.9683031,0.0,0.0,0.0
1,2,2,0.9683031,0.47969225,0.96830314,0.0,0.0,0.0
1,2,2,0.9683031,-0.022632932,0.9683031,0.0,0.0,0.0
1,2,2,0.9683031,-0.022632932,0.9683031,0.0,0.0,0.0
0,0,0,1.0,1.0,1.0,0.0,0.0,0.0
0,0,1,1.0,1.0,1.0,0.0,0.0,0.0
0,0,2,1.0,1.0,1.0,0.0,0.0,0.0
1,1,1,1.0,1.0,1.0,0.0,0.0,0.0
1,1,1,1.0,1.0,1.0,0.0,0.0,0.0
1,1,1,1.0,1.0,1.0,0.0,0.0,0.0
1,1,1,1.0,1.0,1.0,0.0,0.0,0.0
1,1,1,1.0,1.0,1.0,0.0,0.0,0.0
1,1,1,1.0,1.0,1.0,0.0,0.0,0.0
1,1,1,1.0,1.0,1.0,0.0,0.0,0.0
1,1,1,1.0,1.0,1.0,0.0,0.0,0.0
1,1,1,1.0,1.0,1.0,0.0,0.0,0.0
1,1,2,1.0,1.0,1.0,0.0,0.0,0.0
1,1,2,1.0,1.0,1.0,0.0,0.0,0.0
1,1,2,1.0,1.0,1.0,0.0,0.0,0.0
1,1,2,1.0,1.0,1.0,0.0,0.0,0.0
1,1,2,1.0,1.0,1.0,0.0,0.0,0.0
1,1,2,1.0,1.0,1.0,0.0,0.0,0.0
1,1,2,1.0,1.0,1.0,0.0,0.0,0.0
1,1,2,1.0,1.0,1.0,0.0,0.0,0.0
1,1,2,1.0,1.0,1.0,0.0,0.0,0.0
1,2,1,1.0,1.0,1.0,0.0,0.0,0.0
1,2,1,1.0,1.0,1.0,0.0,0.0,0.0
1,2,1,1.0,1.0,1.0,0.0,0.0,0.0
1,2,1,1.0,1.0,1.0,0.0,0.0,0.0
1,2,1,1.0,1.0,1.0,0.0,0.0,0.0
1,2,1,1.0,1.0,1.0,0.0,0.0,0.0
1,2,1,1.0,1.0,1.0,0.0,0.0,0.0
1,2,1,1.0,1.0,1.0,0.0,0.0,0.0
1,2,1,1.0,1.0,1.0,0.0,0.0,0.0
1,2,2,1.0,1.0,1.0,0.0,0.0,0.0
1,2,2,1.0,1.0,1.0,0.0,0.0,0.0
1,2,2,1.0,1.0,1.0,0.0,0.0,0.0
1,2,2,1.0,1.0,1.0,0.0,0.0,0.0
1,2,2,1.0,1.0,1.0,0.0,0.0,0.0
1,2,2,1.0,1.0,1.0,0.0,0.0,0.0
1,2,2,1.0,1.0,1.0,0.0,0.0,0.0
1,2,2,1.0,1.0,1.0,0.0,0.0,0.0
1,2,2,1.0,1.0,1.0,0.0,0.0,0.0
0,0,0,1.0,1.0,1.0,0.0,0.0,0.0
0,0,1,1.0,1.0,1.0,0.0,0.0,0.0
0,0,2,1.0,1.0,1.0,0.0,0.0,0.0
1,1,1,1.0,1.0,1.0,0.0,0.0,0.0
1,1,1,1.0,1.0,1.0,0.0,0.0,0.0
1,1,1,1.0,1.0,1.0,0.0,0.0,0.0
1,1,1,1.0,1.0,1.0,0.0,0.0,0.0
1,1,1,1.0,1.0,1.0,0.0,0.0,0.0
1,1,1,1.0,1.0,1.0,0.0,0.0,0.0
1,1,1,1.0,1.0,1.0,0.0,0.0,0.0
1,1,1,1.0,1.0,1.0,0.0,0.0,0.0
1,1,1,1.0,1.0,1.0,0.0,0.0,0.0
1,1,2,1.0,1.0,1.0,0.0,0.0,0.0
1,1,2,1.0,1.0,1.0,0.0,0.0,0.0
1,1,2,1.0,1.0,1.0,0.0,0.0,0.0
1,1,2,1.0,1.0,1.0,0.0,0.0,0.0
1,1,2,1.0,1.0,1.0,0.0,0.0,0.0
1,1,2,1.0,1.0,1.0,0.0,0.0,0.0
1,1,2,1.0,1.0,1.0,0.0,0.0,0.0
1,1,2,1.0,1.0,1.0,0.0,0.0,0.0
1,1,2,1.0,1.0,1.0,0.0,0.0,0.0
1,2,1,1.0,1.0,1.0,0.0,0.0,0.0
1,2,1,1.0,1.0,1.0,0.0,0.0,0.0
1,2,1,1.0,1.0,1.0,0.0,0.0,0.0
1,2,1,1.0,1.0,1.0,0.0,0.0,0.0
1,2,1,1.0,1.0,1.0,0.0,0.0,0.0
1,2,1,1.0,1.0,1.0,0.0,0.0,0.0
1,2,1,1.0,1.0,1.0,0.0,0.0,0.0
1,2,1,1.0,1.0,1.0,0.0,0.0,0.0
1,2,1,1.0,1.0,1.0,0.0,0.0,0.0
1,2,2,1.0,1.0,1.0,0.0,0.0,0.0
1,2,2,1.0,1.0,1.0,0.0,0.0,0.0
1,2,2,1.0,1.0,1.0,0.0,0.0,0.0
1,2,2,1.0,1.0,1.0,0.0,0.0,0.0
1,2,2,1.0,1.0,1.0,0.0,0.0,0.0
1,2,2,1.0,1.0,1.0,0.0,0.0,0.0
1,2,2,1.0,1.0,1.0,0.0,0.0,0.0
1,2,2,1.0,1.0,1.0,0.0,0.0,0.0
1,2,2,1.0,1.0,1.0,0.0,0.0,0.0
0,0,0,1.0000001,1.0000001,1.0000001,0.0,0.0,0.0
0,0,1,1.0000001,1.0000001,1.0000001,0.0,0.0,0.0
0,0,2,1.0000001,1.0000001,1.0000001,0.0,0.0,0.0
1,1,1,1.0000001,1.0000001,1.0000001,0.0,0.0,0.0
1,1,1,1.0000001,1.0000001,1.0000001,0.0,0.0,0.0
1,1,1,1.0000001,1.0000001,1.0000001,0.0,0.0,0.0
1,1,1,1.0000001,1.0000001,1.0000001,0.0,0.0,0.0
1,1,1,1.0000001,1.0000001,1.0000001,0.0,0.0,0.0
1,1,1,1.0000001,1.0000001,1.0000001,0.0,0.0,0.0
1,1,1,1.0000001,1.0000001,1.0000001,0.0,0.0,0.0
1,1,1,1.0000001,1.0000001,1.0000001,0.0,0.0,0.0
1,1,1,1.0000001,1.0000001,1.0000001,0.0,0.0,0.0
1,1,2,1.0000001,1.0000001,1.0000001,0.0,0.0,0.0
1,1,2,1.0000001,1.0000001,1.0000001,0.0,0.0,0.0
1,1,2,1.0000001,1.0000001,1.0000001,0.0,0.0,0.0
1,1,2,1.0000001,1.0000001,1.0000001,0.0,0.0,0.0
1,1,2,1.0000001,1.0000001,1.0000001,0.0,0.0,0.0
1,1,2,1.0000001,1.0000001,1.0000001,0.0,0.0,0.0
1,1,2,1.0000001,1.0000001,1.0000001,0.0,0.0,0.0
1,1,2,1.0000001,1.0000001,1.0000001,0.0,0.0,0.0
1,1,2,1.0000001,1.0000001,1.0000001,0.0,0.0,0.0
1,2,1,1.0000001,1.0000001,1.0000001,0.0,0.0,0.0
1,2,1,1.0000001,1.0000001,1.0000001,0.0,0.0,0.0
1,2,1,1.0000001,1.0000001,1.0000001,0.0,0.0,0.0
1,2,1,1.0000001,1.0000001,1.0000001,0.0,0.0,0.0
1,2,1,1.0000001,1.0000001,1.0000001,0.0,0.0,0.0
1,2,1,1.0000001,1.0000001,1.0000001,0.0,0.0,0.0
1,2,1,1.0000001,1.0000001,1.0000001,0.0,0.0,0.0
1,2,1,1.0000001,1.0000001,1.0000001,0.0,0.0,0.0
1,2,1,1.0000001,1.0000001,1.0000001,0.0,0.0,0.0
1,2,2,1.0000001,1.0000001,1.0000001,0.0,0.0,0.0
1,2,2,1.0000001,1.0000001,1.0000001,0.0,0.0,0.0
1,2,2,1.0000001,1.0000001,1.0000001,0.0,0.0,0.0
1,2,2,1.0000001,1.0000001,1.0000001,0.0,0.0,0.0
1,2,2,1.0000001,1.0000001,1.0000001,0.0,0.0,0.0
1,2,2,1.0000001,1.0000001,1.0000001,0.0,0.0,0.0
1,2,2,1.0000001,1.0000001,1.0000001,0.0,0.0,0.0
1,2,2,1.0000001,1.0000001,1.0000001,0.0,0.0,0.0
1,2,2,1.0000001,1.0000001,1.0000001,0.0,0.0,0.0
0,0,0,1.0,1.0,1.0,0.0,0.0,0.0
0,0,1,1.0,1.0,1.0,0.0,0.0,0.0
0,0,2,1.0,1.0,1.0,0.0,0.0,0.0
1,1,1,1.0,1.0,1.0,0.0,0.0,0.0
1,1,1,1.0,1.0,1.0,0.0,0.0,0.0
1,1,1,1.0,1.0,1.0,0.0,0.0,0.0
1,1,1,1.0,1.0,1.0,0.0,0.0,0.0
1,1,1,1.0,1.0,1.0,0.0,0.0,0.0
1,1,1,1.0,1.0,1.0,0.0,0.0,0.0
1,1,1,1.0,1.0,1.0,0.0,0.0,0.0
1,1,1,1.0,1.0,1.0,0.0,0.0,0.0
1,1,1,1.0,1.0,1.0,0.0,0.0,0.0
1,1,2,1.0,1.0,1.0,0.0,0.0,0.0
1,1,2,1.0,1.0,1.0,0.0,0.0,0.0
1,1,2,1.0,1.0,1.0,0.0,0.0,0.0
1,1,2,1.0,1.0,1.0,0.0,0.0,0.0
1,1,2,1.0,1.0,1.0,0.0,0.0,0.0
1,1,2,1.0,1.0,1.0,0.0,0.0,0.0
1,1,2,1.0,1.0,1.0,0.0,0.0,0.0
1,1,2,1.0,1.0,1.0,0.0,0.0,0.0
1,1,2,1.0,1.0,1.0,0.0,0.0,0.0
1,2,1,1.0,1.0,1.0,0.0,0.0,0.0
1,2,1,1.0,1.0,1.0,0.0,0.0,0.0
1,2,1,1.0,1.0,1.0,0.0,0.0,0.0
1,2,1,1.0,1.0,1.0,0.0,0.0,0.0
1,2,1,1.0,1.0,1.0,0.0,0.0,0.0
1,2,1,1.0,1.0,1.0,0.0,0.0,0.0
1,2,1,1.0,1.0,1.0,0.0,0.0,0.0
1,2,1,1.0,1.0,1.0,0.0,0.0,0.0
1,2,1,1.0,1.0,1.0,0.0,0.0,0.0
1,2,2,1.0,1.0,1.0,0.0,0.0,0.0
1,2,2,1.0,1.0,1.0,0.0,0.0,0.0
1,2,2,1.0,1.0,1.0,0.0,0.0,0.0
1,2,2,1.0,1.0,1.0,0.0,0.0,0.0
1,2,2,1.0,1.0,1.0,0.0,0.0,0.0
1,2,2,1.0,1.0,1.0,0.0,0.0,0.0
1,2,2,1.0,1.0,1.0,0.0,0.0,0.0
1,2,2,1.0,1.0,1.0,0.0,0.0,0.0
1,2,2,1.0,1.0,1.0,0.0,0.0,0.0
0,0,0,1.0000001,1.0000001,1.0000001,0.0,0.0,0.0
0,0,1,1.0000001,1.0000001,1.0000001,0.0,0.0,0.0
0,0,2,1.0000001,1.0000001,1.0000001,0.0,0.0,0.0
1,1,1,1.0000001,1.0000001,1.0000001,0.0,0.0,0.0
1,1,1,1.0000001,1.0000001,1.0000001,0.0,0.0,0.0
1,1,1,1.0000001,1.0000001,1.0000001,0.0,0.0,0.0
1,1,1,1.0000001,1.0000001,1.0000001,0.0,0.0,0.0
1,1,1,1.0000001,1.0000001,1.0000001,0.0,0.0,0.0
1,1,1,1.0000001,1.0000001,1.0000001,0.0,0.0,0.0
1,1,1,1.0000001,1.0000001,1.0000001,0.0,0.0,0.0
1,1,1,1.0000001,1.0000001,1.0000001,0.0,0.0,0.0
1,1,1,1.0000001,1.0000001,1.0000001,0.0,0.0,0.0
1,1,2,1.0000001,1.0000001,1.0000001,0.0,0.0,0.0
1,1,2,1.0000001,1.0000001,1.0000001,0.0,0.0,0.0
1,1,2,1.0000001,1.0000001,1.0000001,0.0,0.0,0.0
1,1,2,1.0000001,1.0000001,1.0000001,0.0,0.0,0.0
1,1,2,1.0000001,1.0000001,1.0000001,0.0,0.0,0.0
1,1,2,1.0000001,1.0000001,1.0000001,0.0,0.0,0.0
1,1,2,1.0000001,1.0000001,1.0000001,0.0,0.0,0.0
1,1,2,1.0000001,1.0000001,1.0000001,0.0,0.0,0.0
1,1,2,1.0000001,1.0000001,1.0000001,0.0,0.0,0.0
1,2,1,1.0000001,1.0000001,1.0000001,0.0,0.0,0.0
1,2,1,1.0000001,1.0000001,1.0000001,0.0,0.0,0.0
1,2,1,1.0000001,1.0000001,1.0000001,0.0,0.0,0.0
1,2,1,1.0000001,1.0000001,1.0000001,0.0,0.0,0.0
1,2,1,1.0000001,1.0000001,1.0000001,0.0,0.0,0.0
1,2,1,1.0000001,1.0000001,1.0000001,0.0,0.0,0.0
1,2,1,1.0000001,1.0000001,1.0000001,0.0,0.0,0.0
1,2,1,1.0000001,1.0000001,1.0000001,0.0,0.0,0.0
1,2,1,1.0000001,1.0000001,1.0000001,0.0,0.0,0.0
1,2,2,1.0000001,1.0000001,1.0000001,0.0,0.0,0.0
1,2,2,1.0000001,1.0000001,1.0000001,0.0,0.0,0.0
1,2,2,1.0000001,1.0000001,1.0000001,0.0,0.0,0.0
1,2,2,1.0000001,1.0000001,1.0000001,0.0,0.0,0.0
1,2,2,1.0000001,1.0000001,1.0000001,0.0,0.0,0.0
1,2,2,1.0000001,1.0000001,1.0000001,0.0,0.0,0.0
1,2,2,1.0000001,1.0000001,1.0000001,0.0,0.0,0.0
1,2,2,1.0000001,1.0000001,1.0000001,0.0,0.0,0.0
1,2,2,1.0000001,1.0000001,1.0000001,0.0,0.0,0.0
0,0,0,1.0,1.0,1.0,0.0,0.0,0.0
0,0,1,1.0,1.0,1.0,0.0,0.0,0.0
0,0,2,1.0,1.0,1.0,0.0,0.0,0.0
1,1,1,1.0,1.0,1.0,0.0,0.0,0.0
1,1,1,1.0,1.0,1.0,0.0,0.0,0.0
1,1,1,1.0,1.0,1.0,0.0,0.0,0.0
1,1,1,1.0,1.0,1.0,0.0,0.0,0.0
1,1,1,1.0,1.0,1.0,0.0,0.0,0.0
1,1,1,1.0,1.0,1.0,0.0,0.0,0.0
1,1,1,1.0,1.0,1.0,0.0,0.0,0.0
1,1,1,1.0,1.0,1.0,0.0,0.0,0.0
1,1,1,1.0,1.0,1.0,0.0,0.0,0.0
1,1,2,1.0,1.0,1.0,0.0,0.0,0.0
1,1,2,1.0,1.0,1.0,0.0,0.0,0.0
1,1,2,1.0,1.0,1.0,0.0,0.0,0.0
1,1,2,1.0,1.0,1.0,0.0,0.0,0.0
1,1,2,1.0,1.0,1.0,0.0,0.0,0.0
1,1,2,1.0,1.0,1.0,0.0,0.0,0.0
1,1,2,1.0,1.0,1.0,0.0,0.0,0.0
1,1,2,1.0,1.0,1.0,0.0,0.0,0.0
1,1,2,1.0,1.0,1.0,0.0,0.0,0.0
1,2,1,1.0,1.0,1.0,0.0,0.0,0.0
1,2,1,1.0,1.0,1.0,0.0,0.0,0.0
1,2,1,1.0,1.0,1.0,0.0,0.0,0.0
1,2,1,1.0,1.0,1.0,0.0,0.0,0.0
1,2,1,1.0,1.0,1.0,0.0,0.0,0.0
1,2,1,1.0,1.0,1.0,0.0,0.0,0.0
1,2,1,1.0,1.0,1.0,0.0,0.0,0.0
1,2,1,1.0,1.0,1.0,0.0,0.0,0.0
1,2,1,1.0,1.0,1.0,0.0,0.0,0.0
1,2,2,1.0,1.0,1.0,0.0,0.0,0.0
1,2,2,1.0,1.0,1.0,0.0,0.0,0.0
1,2,2,1.0,1.0,1.0,0.0,0.0,0.0
1,2,2,1.0,1.0,1.0,0.0,0.0,0.0
1,2,2,1.0,1.0,1.0,0.0,0.0,0.0
1,2,2,1.0,1.0,1.0,0.0,0.0,0.0
1,2,2,1.0,1.0,1.0,0.0,0.0,0.0
1,2,2,1.0,1.0,1.0,0.0,0.0,0.0
1,2,2,1.0,1.0,1.0,0.0,0.0,0.0
0,0,0,1.0,1.0,1.0,0.0,0.0,0.0
0,0,1,1.0,1.0,1.0,0.0,0.0,0.0
0,0,2,1.0,1.0,1.0,0.0,0.0,0.0
1,1,1,1.0,1.0,1.0,0.0,0.0,0.0
1,1,1,1.0,1.0,1.0,0.0,0.0,0.0
1,1,1,1.0,1.0,1.0,0.0,0.0,0.0
1,1,1,1.0,1.0,1.0,0.0,0.0,0.0
1,1,1,1.0,1.0,1.0,0.0,0.0,0.0
1,1,1,1.0,1.0,1.0,0.0,0.0,0.0
1,1,1,1.0,1.0,1.0,0.0,0.0,0.0
1,1,1,1.0,1.0,1.0,0.0,0.0,0.0
1,1,1,1.0,1.0,1.0,0.0,0.0,0.0
1,1,2,1.0,1.0,1.0,0.0,0.0,0.0
1,1,2,1.0,1.0,1.0,0.0,0.0,0.0
1,1,2,1.0,1.0,1.0,0.0,0.0,0.0
1,1,2,1.0,1.0,1.0,0.0,0.0,0.0
1,1,2,1.0,1.0,1.0,0.0,0.0,0.0
1,1,2,1.0,1.0,1.0,0.0,0.0,0.0
1,1,2,1.0,1.0,1.0,0.0,0.0,0.0
1,1,2,1.0,1.0,1.0,0.0,0.0,0.0
1,1,2,1.0,1.0,1.0,0.0,0.0,0.0
1,2,1,1.0,1.0,1.0,0.0,0.0,0.0
1,2,1,1.0,1.0,1.0,0.0,0.0,0.0
1,2,1,1.0,1.0,1.0,0.0,0.0,0.0
1,2,1,1.0,1.0,1.0,0.0,0.0,0.0
1,2,1,1.0,1.0,1.0,0.0,0.0,0.0
1,2,1,1.0,1.0,1.0,0.0,0.0,0.0
1,2,1,1.0,1.0,1.0,0.0,0.0,0.0
1,2,1,1.0,1.0,1.0,0.0,0.0,0.0
1,2,1,1.0,1.0,1.0,0.0,0.0,0.0
1,2,2,1.0,1.0,1.0,0.0,0.0,0.0
1,2,2,1.0,1.0,1.0,0.0,0.0,0.0
1,2,2,1.0,1.0,1.0,0.0,0.0,0.0
1,2,2,1.0,1.0,1.0,0.0,0.0,0.0
1,2,2,1.0,1.0,1.0,0.0,0.0,0.0
1,2,2,1.0,1.0,1.0,0.0,0.0,0.0
1,2,2,1.0,1.0,1.0,0.0,0.0,0.0
1,2,2,1.0,1.0,1.0,0.0,0.0,0.0
1,2,2,1.0,1.0,1.0,0.0,0.0,0.0
0,0,0,1.0000001,1.0000001,1.0000001,0.0,0.0,0.0
0,0,1,1.0000001,1.0000001,1.0000001,0.0,0.0,0.0
0,0,2,1.0000001,1.0000001,1.0000001,0.0,0.0,0.0
1,1,1,1.0000001,1.0000001,1.0000001,0.0,0.0,0.0
1,1,1,1.0000001,1.0000001,1.0000001,0.0,0.0,0.0
1,1,1,1.0000001,1.0000001,1.0000001,0.0,0.0,0.0
1,1,1,1.0000001,1.0000001,1.0000001,0.0,0.0,0.0
1,1,1,1.0000001,1.0000001,1.0000001,0.0,0.0,0.0
1,1,1,1.0000001,1.0000001,1.0000001,0.0,0.0,0.0
1,1,1,1.0000001,1.0000001,1.0000001,0.0,0.0,0.0
1,1,1,1.0000001,1.0000001,1.0000001,0.0,0.0,0.0
1,1,1,1.0000001,1.0000001,1.0000001,0.0,0.0,0.0
1,1,2,1.0000001,1.0000001,1.0000001,0.0,0.0,0.0
1,1,2,1.0000001,1.0000001,1.0000001,0.0,0.0,0.0
1,1,2,1.0000001,1.0000001,1.0000001,0.0,0.0,0.0
1,1,2,1.0000001,1.0000001,1.0000001,0.0,0.0,0.0
1,1,2,1.0000001,1.0000001,1.0000001,0.0,0.0,0.0
1,1,2,1.0000001,1.0000001,1.0000001,0.0,0.0,0.0
1,1,2,1.0000001,1.0000001,1.0000001,0.0,0.0,0.0
1,1,2,1.0000001,1.0000001,1.0000001,0.0,0.0,0.0
1,1,2,1.0000001,1.0000001,1.0000001,0.0,0.0,0.0
1,2,1,1.0000001,1.0000001,1.0000001,0.0,0.0,0.0
1,2,1,1.0000001,1.0000001,1.0000001,0.0,0.0,0.0
1,2,1,1.0000001,1.0000001,1.0000001,0.0,0.0,0.0
1,2,1,1.0000001,1.0000001,1.0000001,0.0,0.0,0.0
1,2,1,1.0000001,1.0000001,1.0000001,0.0,0.0,0.0
1,2,1,1.0000001,1.0000001,1.0000001,0.0,0.0,0.0
1,2,1,1.0000001,1.0000001,1.0000001,0.0,0.0,0.0
1,2,1,1.0000001,1.0000001,1.0000001,0.0,0.0,0.0
1,2,1,1.0000001,1.0000001,1.0000001,0.0,0.0,0.0
1,2,2,1.0000001,1.0000001,1.0000001,0.0,0.0,0.0
1,2,2,1.0000001,1.0000001,1.0000001,0.0,0.0,0.0
1,2,2,1.0000001,1.0000001,1.0000001,0.0,0.0,0.0
1,2,2,1.0000001,1.0000001,1.0000001,0.0,0.0,0.0
1,2,2,1.0000001,1.0000001,1.0000001,0.0,0.0,0.0
1,2,2,1.0000001,1.0000001,1.0000001,0.0,0.0,0.0
1,2,2,1.0000001,1.0000001,1.0000001,0.0,0.0,0.0
1,2,2,1.0000001,1.0000001,1.0000001,0.0,0.0,0.0
1,2,2,1.0000001,1.0000001,1.0000001,0.0,0.0,0.0
0,0,0,1.0,1.0,1.0,0.0,0.0,0.0
0,0,1,1.0,1.0,1.0,0.0,0.0,0.0
0,0,2,1.0,1.0,1.0,0.0,0.0,0.0
1,1,1,1.0,1.0,1.0,0.0,0.0,0.0
1,1,1,1.0,1.0,1.0,0.0,0.0,0.0
1,1,1,1.0,1.0,1.0,0.0,0.0,0.0
1,1,1,1.0,1.0,1.0,0.0,0.0,0.0
1,1,1,1.0,1.0,1.0,0.0,0.0,0.0
1,1,1,1.0,1.0,1.0,0.0,0.0,0.0
1,1,1,1.0,1.0,1.0,0.0,0.0,0.0
1,1,1,1.0,1.0,1.0,0.0,0.0,0.0
1,1,1,1.0,1.0,1.0,0.0,0.0,0.0
1,1,2,1.0,1.0,1.0,0.0,0.0,0.0
1,1,2,1.0,1.0,1.0,0.0,0.0,0.0
1,1,2,1.0,1.0,1.0,0.0,0.0,0.0
1,1,2,1.0,1.0,1.0,0.0,0.0,0.0
1,1,2,1.0,1.0,1.0,0.0,0.0,0.0
1,1,2,1.0,1.0,1.0,0.0,0.0,0.0
1,1,2,1.0,1.0,1.0,0.0,0.0,0.0
1,1,2,1.0,1.0,1.0,0.0,0.0,0.0
1,1,2,1.0,1.0,1.0,0.0,0.0,0.0
1,2,1,1.0,1.0,1.0,0.0,0.0,0.0
1,2,1,1.0,1.0,1.0,0.0,0.0,0.0
1,2,1,1.0,1.0,1.0,0.0,0.0,0.0
1,2,1,1.0,1.0,1.0,0.0,0.0,0.0
1,2,1,1.0,1.0,1.0,0.0,0.0,0.0
1,2,1,1.0,1.0,1.0,0.0,0.0,0.0
1,2,1,1.0,1.0,1.0,0.0,0.0,0.0
1,2,1,1.0,1.0,1.0,0.0,0.0,0.0
1,2,1,1.0,1.0,1.0,0.0,0.0,0.0
1,2,2,1.0,1.0,1.0,0.0,0.0,0.0
1,2,2,1.0,1.0,1.0,0.0,0.0,0.0
1,2,2,1.0,1.0,1.0,0.0,0.0,0.0
1,2,2,1.0,1.0,1.0,0.0,0.0,0.0
1,2,2,1.0,1.0,1.0,0.0,0.0,0.0
1,2,2,1.0,1.0,1.0,0.0,0.0,0.0
1,2,2,1.0,1.0,1.0,0.0,0.0,0.0
1,2,2,1.0,1.0,1.0,0.0,0.0,0.0
1,2,2,1.0,1.0,1.0,0.0,0.0,0.0
0,0,0,1.0,1.0,1.0,0.0,0.0,0.0
0,0,1,1.0,1.0,1.0,0.0,0.0,0.0
0,0,2,1.0,1.0,1.0,0.0,0.0,0.0
1,1,1,1.0,1.0,1.0,0.0,0.0,0.0
1,1,1,1.0,1.0,1.0,0.0,0.0,0.0
1,1,1,1.0,1.0,1.0,0.0,0.0,0.0
1,1,1,1.0,1.0,1.0,0.0,0.0,0.0
1,1,1,1.0,1.0,1.0,0.0,0.0,0.0
1,1,1,1.0,1.0,1.0,0.0,0.0,0.0
1,1,1,1.0,1.0,1.0,0.0,0.0,0.0
1,1,1,1.0,1.0,1.0,0.0,0.0,0.0
1,1,1,1.0,1.0,1.0,0.0,0.0,0.0
1,1,2,1.0,1.0,1.0,0.0,0.0,0.0
1,1,2,1.0,1.0,1.0,0.0,0.0,0.0
1,1,2,1.0,1.0,1.0,0.0,0.0,0.0
1,1,2,1.0,1.0,1.0,0.0,0.0,0.0
1,1,2,1.0,1.0,1.0,0.0,0.0,0.0
1,1,2,1.0,1.0,1.0,0.0,0.0,0.0
1,1,2,1.0,1.0,1.0,0.0,0.0,0.0
1,1,2,1.0,1.0,1.0,0.0,0.0,0.0
1,1,2,1.0,1.0,1.0,0.0,0.0,0.0
1,2,1,1.0,1.0,1.0,0.0,0.0,0.0
1,2,1,1.0,1.0,1.0,0.0,0.0,0.0
1,2,1,1.0,1.0,1.0,0.0,0.0,0.0
1,2,1,1.0,1.0,1.0,0.0,0.0,0.0
1,2,1,1.0,1.0,1.0,0.0,0.0,0.0
1,2,1,1.0,1.0,1.0,0.0,0.0,0.0
1,2,1,1.0,1.0,1.0,0.0,0.0,0.0
1,2,1,1.0,1.0,1.0,0.0,0.0,0.0
1,2,1,1.0,1.0,1.0,0.0,0.0,0.0
1,2,2,1.0,1.0,1.0,0.0,0.0,0.0
1,2,2,1.0,1.0,1.0,0.0,0.0,0.0
1,2,2,1.0,1.0,1.0,0.0,0.0,0.0
1,2,2,1.0,1.0,1.0,0.0,0.0,0.0
1,2,2,1.0,1.0,1.0,0.0,0.0,0.0
1,2,2,1.0,1.0,1.0,0.0,0.0,0.0
1,2,2,1.0,1.0,1.0,0.0,0.0,0.0
1,2,2,1.0,1.0,1.0,0.0,0.0,0.0
1,2,2,1.0,1.0,1.0,0.0,0.0,0.0
0,0,0,1.0000001,1.0000001,1.0000001,0.0,0.0,0.0
0,0,1,1.0000001,1.0000001,1.0000001,0.0,0.0,0.0
0,0,2,1.0000001,1.0000001,1.0000001,0.0,0.0,0.0
1,1,1,1.0000001,1.0000001,1.0000001,0.0,0.0,0.0
1,1,1,1.0000001,1.0000001,1.0000001,0.0,0.0,0.0
1,1,1,1.0000001,1.0000001,1.0000001,0.0,0.0,0.0
1,1,1,1.0000001,1.0000001,1.0000001,0.0,0.0,0.0
1,1,1,1.0000001,1.0000001,1.0000001,0.0,0.0,0.0
1,1,1,1.0000001,1.0000001,1.0000001,0.0,0.0,0.0
1,1,1,1.0000001,1.0000001,1.0000001,0.0,0.0,0.0
1,1,1,1.0000001,1.0000001,1.0000001,0.0,0.0,0.0
1,1,1,1.0000001,1.0000001,1.0000001,0.0,0.0,0.0
1,1,2,1.0000001,1.0000001,1.0000001,0.0,0.0,0.0
1,1,2,1.0000001,1.0000001,1.0000001,0.0,0.0,0.0
1,1,2,1.0000001,1.0000001,1.0000001,0.0,0.0,0.0
1,1,2,1.0000001,1.0000001,1.0000001,0.0,0.0,0.0
1,1,2,1.0000001,1.0000001,1.0000001,0.0,0.0,0.0
1,1,2,1.0000001,1.0000001,1.0000001,0.0,0.0,0.0
1,1,2,1.0000001,1.0000001,1.0000001,0.0,0.0,0.0
1,1,2,1.0000001,1.0000001,1.0000001,0.0,0.0,0.0
1,1,2,1.0000001,1.0000001,1.0000001,0.0,0.0,0.0
1,2,1,1.0000001,1.0000001,1.0000001,0.0,0.0,0.0
1,2,1,1.0000001,1.0000001,1.0000001,0.0,0.0,0.0
1,2,1,1.0000001,1.0000001,1.0000001,0.0,0.0,0.0
1,2,1,1.0000001,1.0000001,1.0000001,0.0,0.0,0.0
1,2,1,1.0000001,1.0000001,1.0000001,0.0,0.0,0.0
1,2,1,1.0000001,1.0000001,1.0000001,0.0,0.0,0.0
1,2,1,1.0000001,1.0000001,1.0000001,0.0,0.0,0.0
1,2,1,1.0000001,1.0000001,1.0000001,0.0,0.0,0.0
1,2,1,1.0000001,1.0000001,1.0000001,0.0,0.0,0.0
1,2,2,1.0000001,1.0000001,1.0000001,0.0,0.0,0.0
1,2,2,1.0000001,1.0000001,1.0000001,0.0,0.0,0.0
1,2,2,1.0000001,1.0000001,1.0000001,0.0,0.0,0.0
1,2,2,1.0000001,1.0000001,1.0000001,0.0,0.0,0.0
1,2,2,1.0000001,1.0000001,1.0000001,0.0,0.0,0.0
1,2,2,1.0000001,1.0000001,1.0000001,0.0,0.0,0.0
1,2,2,1.0000001,1.0000001,1.0000001,0.0,0.0,0.0
1,2,2,1.0000001,1.0000001,1.0000001,0.0,0.0,0.0
1,2,2,1.0000001,1.0000001,1.0000001,0.0,0.0,0.0
0,0,0,1.0,1.0,1.0,0.0,0.0,0.0
0,0,1,1.0,1.0,1.0,0.0,0.0,0.0
0,0,2,1.0,1.0,1.0,0.0,0.0,0.0
1,1,1,1.0,1.0,1.0,0.0,0.0,0.0
1,1,1,1.0,0.030231573,1.0,0.0,0.0,0.0
1,1,1,1.0,0.030231573,1.0,0.0,0.0,0.0
1,1,1,1.0,1.0,1.0,0.0,0.0,0.0
1,1,1,1.0,1.0,1.0,0.0,0.0,0.0
1,1,1,1.0,1.0,1.0,0.0,0.0,0.0
1,1,1,1.0,0.030231573,1.0,0.0,0.0,0.0
1,1,1,1.0,1.0,1.0,0.0,0.0,0.0
1,1,1,1.0,1.0,1.0,0.0,0.0,0.0
1,1,2,1.0,1.0,1.0,0.0,0.0,0.0
1,1,2,1.0,0.030231573,1.0,0.0,0.0,0.0
1,1,2,1.0,0.030231573,1.0,0.0,0.0,0.0
1,1,2,1.0,1.0,1.0,0.0,0.0,0.0
1,1,2,1.0,1.0,1.0,0.0,0.0,0.0
1,1,2,1.0,0.030231573,1.0,0.0,0.0,0.0
1,1,2,1.0,0.030231573,1.0,0.0,0.0,0.0
1,1,2,1.0,1.0,1.0,0.0,0.0,0.0
1,1,2,1.0,0.030231573,1.0,0.0,0.0,0.0
1,2,1,1.0,1.0,1.0,0.0,0.0,0.0
1,2,1,1.0,1.0,1.0,0.0,0.0,0.0
1,2,1,1.0,0.030231573,1.0,0.0,0.0,0.0
1,2,1,1.0,0.030231573,1.0,0.0,0.0,0.0
1,2,1,1.0,1.0,1.0,0.0,0.0,0.0
1,2,1,1.0,1.0,1.0,0.0,0.0,0.0
1,2,1,1.0,0.030231573,1.0,0.0,0.0,0.0
1,2,1,1.0,0.030231573,1.0,0.0,0.0,0.0
1,2,1,1.0,1.0,1.0,0.0,0.0,0.0
1,2,2,1.0,0.030231573,1.0,0.0,0.0,0.0
1,2,2,1.0,0.030231573,1.0,0.0,0.0,0.0
1,2,2,1.0,0.030231573,1.0,0.0,0.0,0.0
1,2,2,1.0,0.5243733,1.0,0.0,0.0,0.0
1,2,2,1.0,0.030231573,1.0,0.0,0.0,0.0
1,2,2,1.0,0.030231573,1.0,0.0,0.0,0.0
1,2,2,1.0,0.5243733,1.0,0.0,0.0,0.0
1,2,2,1.0,0.030231573,1.0,0.0,0.0,0.0
1,2,2,1.0,0.030231573,1.0,0.0,0.0,0.0
0,0,0,1.0000001,1.0000001,1.0000001,0.0,0.0,0.0
0,0,1,1.0000001,1.0000001,-0.0110766385,0.0,0.0,0.0
0,0,2,1.0000001,1.0000001,-0.0110766385,0.0,0.0,0.0
1,1,1,1.0000001,1.0000001,-0.0110766385,0.0,0.0,0.0
1,1,1,1.0000001,1.0000001,-0.0110766385,0.0,0.0,0.0
1,1,1,1.0000001,1.0000001,-0.0110766385,0.0,0.0,0.0
1,1,1,1.0000001,1.0000001,-0.0110766385,0.0,0.0,0.0
1,1,1,1.0000001,1.0000001,-0.0110766385,0.0,0.0,0.0
1,1,1,1.0000001,1.0000001,-0.0110766385,0.0,0.0,0.0
1,1,1,1.0000001,1.0000001,-0.0110766385,0.0,0.0,0.0
1,1,1,1.0000001,1.0000001,-0.0110766385,0.0,0.0,0.0
1,1,1,1.0000001,1.0000001,-0.0110766385,0.0,0.0,0.0
1,1,2,1.0000001,1.0000001,-0.0110766385,0.0,0.0,0.0
1,1,2,1.0000001,1.0000001,-0.0110766385,0.0,0.0,0.0
1,1,2,1.0000001,1.0000001,-0.0110766385,0.0,0.0,0.0
1,1,2,1.0000001,1.0000001,-0.0110766385,0.0,0.0,0.0
1,1,2,1.0000001,1.0000001,-0.0110766385,0.0,0.0,0.0
1,1,2,1.0000001,1.0000001,-0.0110766385,0.0,0.0,0.0
1,1,2,1.0000001,1.0000001,-0.0110766385,0.0,0.0,0.0
1,1,2,1.0000001,1.0000001,-0.0110766385,0.0,0.0,0.0
1,1,2,1.0000001,1.0000001,-0.0110766385,0.0,0.0,0.0
1,2,1,1.0000001,1.0000001,-0.0110766385,0.0,0.0,0.0
1,2,1,1.0000001,1.0000001,-0.0110766385,0.0,0.0,0.0
1,2,1,1.0000001,1.0000001,-0.0110766385,0.0,0.0,0.0
1,2,1,1.0000001,1.0000001,-0.0110766385,0.0,0.0,0.0
1,2,1,1.0000001,1.0000001,-0.0110766385,0.0,0.0,0.0
1,2,1,1.0000001,1.0000001,-0.0110766385,0.0,0.0,0.0
1,2,1,1.0000001,1.0000001,-0.0110766385,0.0,0.0,0.0
1,2,1,1.0000001,1.0000001,-0.0110766385,0.0,0.0,0.0
1,2,1,1.0000001,1.0000001,-0.0110766385,0.0,0.0,0.0
1,2,2,1.0000001,1.0000001,-0.0110766385,0.0,0.0,0.0
1,2,2,1.0000001,1.0000001,-0.0110766385,0.0,0.0,0.0
1,2,2,1.0000001,1.0000001,-0.0110766385,0.0,0.0,0.0
1,2,2,1.0000001,1.0000001,-0.0110766385,0.0,0.0,0.0
1,2,2,1.0000001,1.0000001,-0.0110766385,0.0,0.0,0.0
1,2,2,1.0000001,1.0000001,-0.0110766385,0.0,0.0,0.0
1,2,2,1.0000001,1.0000001,-0.0110766385,0.0,0.0,0.0
1,2,2,1.0000001,1.0000001,-0.0110766385,0.0,0.0,0.0
1,2,2,1.0000001,1.0000001,-0.0110766385,0.0,0.0,0.0
0,0,0,1.0000002,1.0000002,1.0000002,0.0,0.0,0.0
0,0,1,1.0000002,1.0000002,1.0000002,0.0,0.0,0.0
0,0,2,1.0000002,1.0000002,1.0000002,0.0,0.0,0.0
1,1,1,1.0000002,1.0000002,1.0000002,0.0,0.0,0.0
1,1,1,1.0000002,1.0000002,1.0000002,0.0,0.0,0.0
1,1,1,1.0000002,1.0000002,1.0000002,0.0,0.0,0.0
1,1,1,1.0000002,1.0000002,1.0000002,0.0,0.0,0.0
1,1,1,1.0000002,1.0000002,1.0000002,0.0,0.0,0.0
1,1,1,1.0000002,1.0000002,1.0000002,0.0,0.0,0.0
1,1,1,1.0000002,1.0000002,1.0000002,0.0,0.0,0.0
1,1,1,1.0000002,1.0000002,1.0000002,0.0,0.0,0.0
1,1,1,1.0000002,1.0000002,1.0000002,0.0,0.0,0.0
1,1,2,1.0000002,1.0000002,1.0000002,0.0,0.0,0.0
1,1,2,1.0000002,1.0000002,1.0000002,0.0,0.0,0.0
1,1,2,1.0000002,1.0000002,1.0000002,0.0,0.0,0.0
1,1,2,1.0000002,1.0000002,1.0000002,0.0,0.0,0.0
1,1,2,1.0000002,1.0000002,1.0000002,0.0,0.0,0.0
1,1,2,1.0000002,1.0000002,1.0000002,0.0,0.0,0.0
1,1,2,1.0000002,1.0000002,1.0000002,0.0,0.0,0.0
1,1,2,1.0000002,1.0000002,1.0000002,0.0,0.0,0.0
1,1,2,1.0000002,1.0000002,1.0000002,0.0,0.0,0.0
1,2,1,1.0000002,1.0000002,1.0000002,0.0,0.0,0.0
1,2,1,1.0000002,1.0000002,1.0000002,0.0,0.0,0.0
1,2,1,1.0000002,1.0000002,1.0000002,0.0,0.0,0.0
1,2,1,1.0000002,1.0000002,1.0000002,0.0,0.0,0.0
1,2,1,1.0000002,1.0000002,1.0000002,0.0,0.0,0.0
1,2,1,1.0000002,1.0000002,1.0000002,0.0,0.0,0.0
1,2,1,1.0000002,1.0000002,1.0000002,0.0,0.0,0.0
1,2,1,1.0000002,1.0000002,1.0000002,0.0,0.0,0.0
1,2,1,1.0000002,1.0000002,1.0000002,0.0,0.0,0.0
1,2,2,1.0000002,1.0000002,1.0000002,0.0,0.0,0.0
1,2,2,1.0000002,1.0000002,1.0000002,0.0,0.0,0.0
1,2,2,1.0000002,1.0000002,1.0000002,0.0,0.0,0.0
1,2,2,1.0000002,1.0000002,1.0000002,0.0,0.0,0.0
1,2,2,1.0000002,1.0000002,1.0000002,0.0,0.0,0.0
1,2,2,1.0000002,1.0000002,1.0000002,0.0,0.0,0.0
1,2,2,1.0000002,1.0000002,1.0000002,0.0,0.0,0.0
1,2,2,1.0000002,1.0000002,1.0000002,0.0,0.0,0.0
1,2,2,1.0000002,1.0000002,1.0000002,0.0,0.0,0.0
0,0,0,1.0,1.0,1.0,0.0,0.0,0.0
0,0,1,1.0,1.0,1.0,0.0,0.0,0.0
0,0,2,1.0,1.0,1.0,0.0,0.0,0.0
1,1,1,1.0,1.0,1.0,0.0,0.0,0.0
1,1,1,1.0,1.0,1.0,0.0,0.0,0.0
1,1,1,1.0,1.0,1.0,0.0,0.0,0.0
1,1,1,1.0,1.0,1.0,0.0,0.0,0.0
1,1,1,1.0,1.0,1.0,0.0,0.0,0.0
1,1,1,1.0,1.0,1.0,0.0,0.0,0.0
1,1,1,1.0,1.0,1.0,0.0,0.0,0.0
1,1,1,1.0,1.0,1.0,0.0,0.0,0.0
1,1,1,1.0,1.0,1.0,0.0,0.0,0.0
1,1,2,1.0,1.0,1.0,0.0,0.0,0.0
1,1,2,1.0,1.0,1.0,0.0,0.0,0.0
1,1,2,1.0,1.0,1.0,0.0,0.0,0.0
1,1,2,1.0,1.0,1.0,0.0,0.0,0.0
1,1,2,1.0,1.0,1.0,0.0,0.0,0.0
1,1,2,1.0,1.0,1.0,0.0,0.0,0.0
1,1,2,1.0,1.0,1.0,0.0,0.0,0.0
1,1,2,1.0,1.0,1.0,0.0,0.0,0.0
1,1,2,1.0,1.0,1.0,0.0,0.0,0.0
1,2,1,1.0,1.0,1.0,0.0,0.0,0.0
1,2,1,1.0,1.0,1.0,0.0,0.0,0.0
1,2,1,1.0,1.0,1.0,0.0,0.0,0.0
1,2,1,1.0,1.0,1.0,0.0,0.0,0.0
1,2,1,1.0,1.0,1.0,0.0,0.0,0.0
1,2,1,1.0,1.0,1.0,0.0,0.0,0.0
1,2,1,1.0,1.0,1.0,0.0,0.0,0.0
1,2,1,1.0,1.0,1.0,0.0,0.0,0.0
1,2,1,1.0,1.0,1.0,0.0,0.0,0.0
1,2,2,1.0,1.0,1.0,0.0,0.0,0.0
1,2,2,1.0,1.0,1.0,0.0,0.0,0.0
1,2,2,1.0,1.0,1.0,0.0,0.0,0.0
1,2,2,1.0,1.0,1.0,0.0,0.0,0.0
1,2,2,1.0,1.0,1.0,0.0,0.0,0.0
1,2,2,1.0,1.0,1.0,0.0,0.0,0.0
1,2,2,1.0,1.0,1.0,0.0,0.0,0.0
1,2,2,1.0,1.0,1.0,0.0,0.0,0.0
1,2,2,1.0,1.0,1.0,0.0,0.0,0.0
0,0,0,0.99947494,0.99947494,0.99947494,0.0,0.0,0.0
0,0,1,0.99947494,0.99947494,0.99947494,0.0,0.0,0.0
0,0,2,0.99947494,0.99947494,0.99947494,0.0,0.0,0.0
1,1,1,0.99947494,0.99947494,0.99947494,0.0,0.0,0.0
1,1,1,0.99947494,0.99947494,0.99947494,0.0,0.0,0.0
1,1,1,0.99947494,0.99947494,0.99947494,0.0,0.0,0.0
1,1,1,0.99947494,0.99947494,0.99947494,0.0,0.0,0.0
1,1,1,0.99947494,0.99947494,0.99947494,0.0,0.0,0.0
1,1,1,0.99947494,0.99947494,0.99947494,0.0,0.0,0.0
1,1,1,0.99947494,0.99947494,0.99947494,0.0,0.0,0.0
1,1,1,0.99947494,0.99947494,0.99947494,0.0,0.0,0.0
1,1,1,0.99947494,0.99947494,0.99947494,0.0,0.0,0.0
1,1,2,0.99947494,0.99947494,0.99947494,0.0,0.0,0.0
1,1,2,0.99947494,0.99947494,0.99947494,0.0,0.0,0.0
1,1,2,0.99947494,0.99947494,0.99947494,0.0,0.0,0.0
1,1,2,0.99947494,0.99947494,0.99947494,0.0,0.0,0.0
1,1,2,0.99947494,0.99947494,0.99947494,0.0,0.0,0.0
1,1,2,0.99947494,0.99947494,0.99947494,0.0,0.0,0.0
1,1,2,0.99947494,0.99947494,0.99947494,0.0,0.0,0.0
1,1,2,0.99947494,0.99947494,0.99947494,0.0,0.0,0.0
1,1,2,0.99947494,0.99947494,0.99947494,0.0,0.0,0.0
1,2,1,0.99947494,0.99947494,0.99947494,0.0,0.0,0.0
1,2,1,0.99947494,0.99947494,0.99947494,0.0,0.0,0.0
1,2,1,0.99947494,0.99947494,0.99947494,0.0,0.0,0.0
1,2,1,0.99947494,0.99947494,0.99947494,0.0,0.0,0.0
1,2,1,0.99947494,0.99947494,0.99947494,0.0,0.0,0.0
1,2,1,0.99947494,0.99947494,0.99947494,0.0,0.0,0.0
1,2,1,0.99947494,0.99947494,0.99947494,0.0,0.0,0.0
1,2,1,0.99947494,0.99947494,0.99947494,0.0,0.0,0.0
1,2,1,0.99947494,0.99947494,0.99947494,0.0,0.0,0.0
1,2,2,0.99947494,0.99947494,0.99947494,0.0,0.0,0.0
1,2,2,0.99947494,0.99947494,0.99947494,0.0,0.0,0.0
1,2,2,0.99947494,0.99947494,0.99947494,0.0,0.0,0.0
1,2,2,0.99947494,0.99947494,0.99947494,0.0,0.0,0.0
1,2,2,0.99947494,0.99947494,0.99947494,0.0,0.0,0.0
1,2,2,0.99947494,0.99947494,0.99947494,0.0,0.0,0.0
1,2,2,0.99947494,0.99947494,0.99947494,0.0,0.0,0.0
1,2,2,0.99947494,0.99947494,0.99947494,0.0,0.0,0.0
1,2,2,0.99947494,0.99947494,0.99947494,0.0,0.0,0.0
0,0,0,1.0000001,1.0000001,1.0000001,0.0,0.0,0.0
0,0,1,1.0000001,1.0000001,1.0000001,0.0,0.0,0.0
0,0,2,1.0000001,1.0000001,1.0000001,0.0,0.0,0.0
1,1,1,1.0000001,1.0000001,1.0000001,0.0,0.0,0.0
1,1,1,1.0000001,1.0000001,1.0000001,0.0,0.0,0.0
1,1,1,1.0000001,1.0000001,1.0000001,0.0,0.0,0.0
1,1,1,1.0000001,1.0000001,1.0000001,0.0,0.0,0.0
1,1,1,1.0000001,1.0000001,1.0000001,0.0,0.0,0.0
1,1,1,1.0000001,1.0000001,1.0000001,0.0,0.0,0.0
1,1,1,1.0000001,1.0000001,1.0000001,0.0,0.0,0.0
1,1,1,1.0000001,1.0000001,1.0000001,0.0,0.0,0.0
1,1,1,1.0000001,1.0000001,1.0000001,0.0,0.0,0.0
1,1,2,1.0000001,1.0000001,1.0000001,0.0,0.0,0.0
1,1,2,1.0000001,1.0000001,1.0000001,0.0,0.0,0.0
1,1,2,1.0000001,1.0000001,1.0000001,0.0,0.0,0.0
1,1,2,1.0000001,1.0000001,1.0000001,0.0,0.0,0.0
1,1,2,1.0000001,1.0000001,1.0000001,0.0,0.0,0.0
1,1,2,1.0000001,1.0000001,1.0000001,0.0,0.0,0.0
1,1,2,1.0000001,1.0000001,1.0000001,0.0,0.0,0.0
1,1,2,1.0000001,1.0000001,1.0000001,0.0,0.0,0.0
1,1,2,1.0000001,1.0000001,1.0000001,0.0,0.0,0.0
1,2,1,1.0000001,1.0000001,1.0000001,0.0,0.0,0.0
1,2,1,1.0000001,1.0000001,1.0000001,0.0,0.0,0.0
1,2,1,1.0000001,1.0000001,1.0000001,0.0,0.0,0.0
1,2,1,1.0000001,1.0000001,1.0000001,0.0,0.0,0.0
1,2,1,1.0000001,1.0000001,1.0000001,0.0,0.0,0.0
1,2,1,1.0000001,1.0000001,1.0000001,0.0,0.0,0.0
1,2,1,1.0000001,1.0000001,1.0000001,0.0,0.0,0.0
1,2,1,1.0000001,1.0000001,1.0000001,0.0,0.0,0.0
1,2,1,1.0000001,1.0000001,1.0000001,0.0,0.0,0.0
1,2,2,1.0000001,1.0000001,1.0000001,0.0,0.0,0.0
1,2,2,1.0000001,1.0000001,1.0000001,0.0,0.0,0.0
1,2,2,1.0000001,1.0000001,1.0000001,0.0,0.0,0.0
1,2,2,1.0000001,1.0000001,1.0000001,0.0,0.0,0.0
1,2,2,1.0000001,1.0000001,1.0000001,0.0,0.0,0.0
1,2,2,1.0000001,1.0000001,1.0000001,0.0,0.0,0.0
1,2,2,1.0000001,1.0000001,1.0000001,0.0,0.0,0.0
1,2,2,1.0000001,1.0000001,1.0000001,0.0,0.0,0.0
1,2,2,1.0000001,1.0000001,1.0000001,0.0,0.0,0.0
0,0,0,1.0,1.0,1.0,0.0,0.0,0.0
0,0,1,1.0,1.0,1.0,0.0,0.0,0.0
0,0,2,1.0,1.0,1.0,0.0,0.0,0.0
1,1,1,1.0,1.0,1.0,0.0,0.0,0.0
1,1,1,1.0,1.0,1.0,0.0,0.0,0.0
1,1,1,1.0,1.0,1.0,0.0,0.0,0.0
1,1,1,1.0,1.0,1.0,0.0,0.0,0.0
1,1,1,1.0,1.0,1.0,0.0,0.0,0.0
1,1,1,1.0,1.0,1.0,0.0,0.0,0.0
1,1,1,1.0,1.0,1.0,0.0,0.0,0.0
1,1,1,1.0,1.0,1.0,0.0,0.0,0.0
1,1,1,1.0,1.0,1.0,0.0,0.0,0.0
1,1,2,1.0,1.0,1.0,0.0,0.0,0.0
1,1,2,1.0,1.0,1.0,0.0,0.0,0.0
1,1,2,1.0,1.0,1.0,0.0,0.0,0.0
1,1,2,1.0,1.0,1.0,0.0,0.0,0.0
1,1,2,1.0,1.0,1.0,0.0,0.0,0.0
1,1,2,1.0,1.0,1.0,0.0,0.0,0.0
1,1,2,1.0,1.0,1.0,0.0,0.0,0.0
1,1,2,1.0,1.0,1.0,0.0,0.0,0.0
1,1,2,1.0,1.0,1.0,0.0,0.0,0.0
1,2,1,1.0,1.0,1.0,0.0,0.0,0.0
1,2,1,1.0,1.0,1.0,0.0,0.0,0.0
1,2,1,1.0,1.0,1.0,0.0,0.0,0.0
1,2,1,1.0,1.0,1.0,0.0,0.0,0.0
1,2,1,1.0,1.0,1.0,0.0,0.0,0.0
1,2,1,1.0,1.0,1.0,0.0,0.0,0.0
1,2,1,1.0,1.0,1.0,0.0,0.0,0.0
1,2,1,1.0,1.0,1.0,0.0,0.0,0.0
1,2,1,1.0,1.0,1.0,0.0,0.0,0.0
1,2,2,1.0,1.0,1.0,0.0,0.0,0.0
1,2,2,1.0,1.0,1.0,0.0,0.0,0.0
1,2,2,1.0,1.0,1.0,0.0,0.0,0.0
1,2,2,1.0,1.0,1.0,0.0,0.0,0.0
1,2,2,1.0,1.0,1.0,0.0,0.0,0.0
1,2,2,1.0,1.0,1.0,0.0,0.0,0.0
1,2,2,1.0,1.0,1.0,0.0,0.0,0.0
1,2,2,1.0,1.0,1.0,0.0,0.0,0.0
1,2,2,1.0,1.0,1.0,0.0,0.0,0.0
0,0,0,0.99999994,0.99999994,0.99999994,0.0,0.0,0.0
0,0,1,0.99999994,0.99999994,0.99999994,0.0,0.0,0.0
0,0,2,0.99999994,0.99999994,0.99999994,0.0,0.0,0.0
1,1,1,0.99999994,0.99999994,0.99999994,0.0,0.0,0.0
1,1,1,0.99999994,0.99999994,0.99999994,0.0,0.0,0.0
1,1,1,0.99999994,0.99999994,0.99999994,0.0,0.0,0.0
1,1,1,0.99999994,0.99999994,0.99999994,0.0,0.0,0.0
1,1,1,0.99999994,0.99999994,0.99999994,0.0,0.0,0.0
1,1,1,0.99999994,0.99999994,0.99999994,0.0,0.0,0.0
1,1,1,0.99999994,0.99999994,0.99999994,0.0,0.0,0.0
1,1,1,0.99999994,0.99999994,0.99999994,0.0,0.0,0.0
1,1,1,0.99999994,0.99999994,0.99999994,0.0,0.0,0.0
1,1,2,0.99999994,0.99999994,0.99999994,0.0,0.0,0.0
1,1,2,0.99999994,0.99999994,0.99999994,0.0,0.0,0.0
1,1,2,0.99999994,0.99999994,0.99999994,0.0,0.0,0.0
1,1,2,0.99999994,0.99999994,0.99999994,0.0,0.0,0.0
1,1,2,0.99999994,0.99999994,0.99999994,0.0,0.0,0.0
1,1,2,0.99999994,0.99999994,0.99999994,0.0,0.0,0.0
1,1,2,0.99999994,0.99999994,0.99999994,0.0,0.0,0.0
1,1,2,0.99999994,0.99999994,0.99999994,0.0,0.0,0.0
1,1,2,0.99999994,0.99999994,0.99999994,0.0,0.0,0.0
1,2,1,0.99999994,0.99999994,0.99999994,0.0,0.0,0.0
1,2,1,0.99999994,0.99999994,0.99999994,0.0,0.0,0.0
1,2,1,0.99999994,0.99999994,0.99999994,0.0,0.0,0.0
1,2,1,0.99999994,0.99999994,0.99999994,0.0,0.0,0.0
1,2,1,0.99999994,0.99999994,0.99999994,0.0,0.0,0.0
1,2,1,0.99999994,0.99999994,0.99999994,0.0,0.0,0.0
1,2,1,0.99999994,0.99999994,0.99999994,0.0,0.0,0.0
1,2,1,0.99999994,0.99999994,0.99999994,0.0,0.0,0.0
1,2,1,0.99999994,0.99999994,0.99999994,0.0,0.0,0.0
1,2,2,0.99999994,0.99999994,0.99999994,0.0,0.0,0.0
1,2,2,0.99999994,0.99999994,0.99999994,0.0,0.0,0.0
1,2,2,0.99999994,0.99999994,0.99999994,0.0,0.0,0.0
1,2,2,0.99999994,0.99999994,0.99999994,0.0,0.0,0.0
1,2,2,0.99999994,0.99999994,0.99999994,0.0,0.0,0.0
1,2,2,0.99999994,0.99999994,0.99999994,0.0,0.0,0.0
1,2,2,0.99999994,0.99999994,0.99999994,0.0,0.0,0.0
1,2,2,0.99999994,0.99999994,0.99999994,0.0,0.0,0.0
1,2,2,0.99999994,0.99999994,0.99999994,0.0,0.0,0.0
0,0,0,1.0,1.0,1.0,0.0,0.0,0.0
0,0,1,1.0,1.0,1.0,0.0,0.0,0.0
0,0,2,1.0,1.0,1.0,0.0,0.0,0.0
1,1,1,1.0,1.0,1.0,0.0,0.0,0.0
1,1,1,1.0,1.0,1.0,0.0,0.0,0.0
1,1,1,1.0,1.0,1.0,0.0,0.0,0.0
1,1,1,1.0,1.0,1.0,0.0,0.0,0.0
1,1,1,1.0,1.0,1.0,0.0,0.0,0.0
1,1,1,1.0,1.0,1.0,0.0,0.0,0.0
1,1,1,1.0,1.0,1.0,0.0,0.0,0.0
1,1,1,1.0,1.0,1.0,0.0,0.0,0.0
1,1,1,1.0,1.0,1.0,0.0,0.0,0.0
1,1,2,1.0,1.0,1.0,0.0,0.0,0.0
1,1,2,1.0,1.0,1.0,0.0,0.0,0.0
1,1,2,1.0,1.0,1.0,0.0,0.0,0.0
1,1,2,1.0,1.0,1.0,0.0,0.0,0.0
1,1,2,1.0,1.0,1.0,0.0,0.0,0.0
1,1,2,1.0,1.0,1.0,0.0,0.0,0.0
1,1,2,1.0,1.0,1.0,0.0,0.0,0.0
1,1,2,1.0,1.0,1.0,0.0,0.0,0.0
1,1,2,1.0,1.0,1.0,0.0,0.0,0.0
1,2,1,1.0,1.0,1.0,0.0,0.0,0.0
1,2,1,1.0,1.0,1.0,0.0,0.0,0.0
1,2,1,1.0,1.0,1.0,0.0,0.0,0.0
1,2,1,1.0,1.0,1.0,0.0,0.0,0.0
1,2,1,1.0,1.0,1.0,0.0,0.0,0.0
1,2,1,1.0,1.0,1.0,0.0,0.0,0.0
1,2,1,1.0,1.0,1.0,0.0,0.0,0.0
1,2,1,1.0,1.0,1.0,0.0,0.0,0.0
1,2,1,1.0,1.0,1.0,0.0,0.0,0.0
1,2,2,1.0,1.0,1.0,0.0,0.0,0.0
1,2,2,1.0,1.0,1.0,0.0,0.0,0.0
1,2,2,1.0,1.0,1.0,0.0,0.0,0.0
1,2,2,1.0,1.0,1.0,0.0,0.0,0.0
1,2,2,1.0,1.0,1.0,0.0,0.0,0.0
1,2,2,1.0,1.0,1.0,0.0,0.0,0.0
1,2,2,1.0,1.0,1.0,0.0,0.0,0.0
1,2,2,1.0,1.0,1.0,0.0,0.0,0.0
1,2,2,1.0,1.0,1.0,0.0,0.0,0.0
0,0,0,1.0,1.0,1.0,0.0,0.0,0.0
0,0,1,1.0,1.0,1.0,0.0,0.0,0.0
0,0,2,1.0,1.0,1.0,0.0,0.0,0.0
1,1,1,1.0,1.0,1.0,0.0,0.0,0.0
1,1,1,1.0,1.0,1.0,0.0,0.0,0.0
1,1,1,1.0,1.0,1.0,0.0,0.0,0.0
1,1,1,1.0,1.0,1.0,0.0,0.0,0.0
1,1,1,1.0,1.0,1.0,0.0,0.0,0.0
1,1,1,1.0,1.0,1.0,0.0,0.0,0.0
1,1,1,1.0,1.0,1.0,0.0,0.0,0.0
1,1,1,1.0,1.0,1.0,0.0,0.0,0.0
1,1,1,1.0,1.0,1.0,0.0,0.0,0.0
1,1,2,1.0,1.0,1.0,0.0,0.0,0.0
1,1,2,1.0,1.0,1.0,0.0,0.0,0.0
1,1,2,1.0,1.0,1.0,0.0,0.0,0.0
1,1,2,1.0,1.0,1.0,0.0,0.0,0.0
1,1,2,1.0,1.0,1.0,0.0,0.0,0.0
1,1,2,1.0,1.0,1.0,0.0,0.0,0.0
1,1,2,1.0,1.0,1.0,0.0,0.0,0.0
1,1,2,1.0,1.0,1.0,0.0,0.0,0.0
1,1,2,1.0,1.0,1.0,0.0,0.0,0.0
1,2,1,1.0,1.0,1.0,0.0,0.0,0.0
1,2,1,1.0,1.0,1.0,0.0,0.0,0.0
1,2,1,1.0,1.0,1.0,0.0,0.0,0.0
1,2,1,1.0,1.0,1.0,0.0,0.0,0.0
1,2,1,1.0,1.0,1.0,0.0,0.0,0.0
1,2,1,1.0,1.0,1.0,0.0,0.0,0.0
1,2,1,1.0,1.0,1.0,0.0,0.0,0.0
1,2,1,1.0,1.0,1.0,0.0,0.0,0.0
1,2,1,1.0,1.0,1.0,0.0,0.0,0.0
1,2,2,1.0,1.0,1.0,0.0,0.0,0.0
1,2,2,1.0,1.0,1.0,0.0,0.0,0.0
1,2,2,1.0,1.0,1.0,0.0,0.0,0.0
1,2,2,1.0,1.0,1.0,0.0,0.0,0.0
1,2,2,1.0,1.0,1.0,0.0,0.0,0.0
1,2,2,1.0,1.0,1.0,0.0,0.0,0.0
1,2,2,1.0,1.0,1.0,0.0,0.0,0.0
1,2,2,1.0,1.0,1.0,0.0,0.0,0.0
1,2,2,1.0,1.0,1.0,0.0,0.0,0.0
0,0,0,1.0,1.0,1.0,0.0,0.0,0.0
0,0,1,1.0,1.0,1.0,0.0,0.0,0.0
0,0,2,1.0,1.0,1.0,0.0,0.0,0.0
1,1,1,1.0,1.0,1.0,0.0,0.0,0.0
1,1,1,1.0,1.0,1.0,0.0,0.0,0.0
1,1,1,1.0,1.0,1.0,0.0,0.0,0.0
1,1,1,1.0,1.0,1.0,0.0,0.0,0.0
1,1,1,1.0,1.0,1.0,0.0,0.0,0.0
1,1,1,1.0,1.0,1.0,0.0,0.0,0.0
1,1,1,1.0,1.0,1.0,0.0,0.0,0.0
1,1,1,1.0,1.0,1.0,0.0,0.0,0.0
1,1,1,1.0,1.0,1.0,0.0,0.0,0.0
1,1,2,1.0,1.0,1.0,0.0,0.0,0.0
1,1,2,1.0,1.0,1.0,0.0,0.0,0.0
1,1,2,1.0,1.0,1.0,0.0,0.0,0.0
1,1,2,1.0,1.0,1.0,0.0,0.0,0.0
1,1,2,1.0,1.0,1.0,0.0,0.0,0.0
1,1,2,1.0,1.0,1.0,0.0,0.0,0.0
1,1,2,1.0,1.0,1.0,0.0,0.0,0.0
1,1,2,1.0,1.0,1.0,0.0,0.0,0.0
1,1,2,1.0,1.0,1.0,0.0,0.0,0.0
1,2,1,1.0,1.0,1.0,0.0,0.0,0.0
1,2,1,1.0,1.0,1.0,0.0,0.0,0.0
1,2,1,1.0,1.0,1.0,0.0,0.0,0.0
1,2,1,1.0,1.0,1.0,0.0,0.0,0.0
1,2,1,1.0,1.0,1.0,0.0,0.0,0.0
1,2,1,1.0,1.0,1.0,0.0,0.0,0.0
1,2,1,1.0,1.0,1.0,0.0,0.0,0.0
1,2,1,1.0,1.0,1.0,0.0,0.0,0.0
1,2,1,1.0,1.0,1.0,0.0,0.0,0.0
1,2,2,1.0,1.0,1.0,0.0,0.0,0.0
1,2,2,1.0,1.0,1.0,0.0,0.0,0.0
1,2,2,1.0,1.0,1.0,0.0,0.0,0.0
1,2,2,1.0,1.0,1.0,0.0,0.0,0.0
1,2,2,1.0,1.0,1.0,0.0,0.0,0.0
1,2,2,1.0,1.0,1.0,0.0,0.0,0.0
1,2,2,1.0,1.0,1.0,0.0,0.0,0.0
1,2,2,1.0,1.0,1.0,0.0,0.0,0.0
1,2,2,1.0,1.0,1.0,0.0,0.0,0.0
0,0,0,1.0,1.0,1.0,0.0,0.0,0.0
0,0,1,1.0,1.0,1.0,0.0,0.0,0.0
0,0,2,1.0,1.0,1.0,0.0,0.0,0.0
1,1,1,1.0,1.0,1.0,0.0,0.0,0.0
1,1,1,1.0,1.0,1.0,0.0,0.0,0.0
1,1,1,1.0,1.0,1.0,0.0,0.0,0.0
1,1,1,1.0,1.0,1.0,0.0,0.0,0.0
1,1,1,1.0,1.0,1.0,0.0,0.0,0.0
1,1,1,1.0,1.0,1.0,0.0,0.0,0.0
1,1,1,1.0,1.0,1.0,0.0,0.0,0.0
1,1,1,1.0,1.0,1.0,0.0,0.0,0.0
1,1,1,1.0,1.0,1.0,0.0,0.0,0.0
1,1,2,1.0,1.0,1.0,0.0,0.0,0.0
1,1,2,1.0,1.0,1.0,0.0,0.0,0.0
1,1,2,1.0,1.0,1.0,0.0,0.0,0.0
1,1,2,1.0,1.0,1.0,0.0,0.0,0.0
1,1,2,1.0,1.0,1.0,0.0,0.0,0.0
1,1,2,1.0,1.0,1.0,0.0,0.0,0.0
1,1,2,1.0,1.0,1.0,0.0,0.0,0.0
1,1,2,1.0,1.0,1.0,0.0,0.0,0.0
1,1,2,1.0,1.0,1.0,0.0,0.0,0.0
1,2,1,1.0,1.0,1.0,0.0,0.0,0.0
1,2,1,1.0,1.0,1.0,0.0,0.0,0.0
1,2,1,1.0,1.0,1.0,0.0,0.0,0.0
1,2,1,1.0,1.0,1.0,0.0,0.0,0.0
1,2,1,1.0,1.0,1.0,0.0,0.0,0.0
1,2,1,1.0,1.0,1.0,0.0,0.0,0.0
1,2,1,1.0,1.0,1.0,0.0,0.0,0.0
1,2,1,1.0,1.0,1.0,0.0,0.0,0.0
1,2,1,1.0,1.0,1.0,0.0,0.0,0.0
1,2,2,1.0,1.0,1.0,0.0,0.0,0.0
1,2,2,1.0,1.0,1.0,0.0,0.0,0.0
1,2,2,1.0,1.0,1.0,0.0,0.0,0.0
1,2,2,1.0,1.0,1.0,0.0,0.0,0.0
1,2,2,1.0,1.0,1.0,0.0,0.0,0.0
1,2,2,1.0,1.0,1.0,0.0,0.0,0.0
1,2,2,1.0,1.0,1.0,0.0,0.0,0.0
1,2,2,1.0,1.0,1.0,0.0,0.0,0.0
1,2,2,1.0,1.0,1.0,0.0,0.0,0.0
0,0,0,1.0000001,1.0000001,1.0000001,0.0,0.0,0.0
0,0,1,1.0000001,1.0000001,1.0000001,0.0,0.0,0.0
0,0,2,1.0000001,1.0000001,1.0000001,0.0,0.0,0.0
1,1,1,1.0000001,1.0000001,1.0000001,0.0,0.0,0.0
1,1,1,1.0000001,1.0000001,1.0000001,0.0,0.0,0.0
1,1,1,1.0000001,1.0000001,1.0000001,0.0,0.0,0.0
1,1,1,1.0000001,1.0000001,1.0000001,0.0,0.0,0.0
1,1,1,1.0000001,1.0000001,1.0000001,0.0,0.0,0.0
1,1,1,1.0000001,1.0000001,1.0000001,0.0,0.0,0.0
1,1,1,1.0000001,1.0000001,1.0000001,0.0,0.0,0.0
1,1,1,1.0000001,1.0000001,1.0000001,0.0,0.0,0.0
1,1,1,1.0000001,1.0000001,1.0000001,0.0,0.0,0.0
1,1,2,1.0000001,1.0000001,1.0000001,0.0,0.0,0.0
1,1,2,1.0000001,1.0000001,1.0000001,0.0,0.0,0.0
1,1,2,1.0000001,1.0000001,1.0000001,0.0,0.0,0.0
1,1,2,1.0000001,1.0000001,1.0000001,0.0,0.0,0.0
1,1,2,1.0000001,1.0000001,1.0000001,0.0,0.0,0.0
1,1,2,1.0000001,1.0000001,1.0000001,0.0,0.0,0.0
1,1,2,1.0000001,1.0000001,1.0000001,0.0,0.0,0.0
1,1,2,1.0000001,1.0000001,1.0000001,0.0,0.0,0.0
1,1,2,1.0000001,1.0000001,1.0000001,0.0,0.0,0.0
1,2,1,1.0000001,1.0000001,1.0000001,0.0,0.0,0.0
1,2,1,1.0000001,1.0000001,1.0000001,0.0,0.0,0.0
1,2,1,1.0000001,1.0000001,1.0000001,0.0,0.0,0.0
1,2,1,1.0000001,1.0000001,1.0000001,0.0,0.0,0.0
1,2,1,1.0000001,1.0000001,1.0000001,0.0,0.0,0.0
1,2,1,1.0000001,1.0000001,1.0000001,0.0,0.0,0.0
1,2,1,1.0000001,1.0000001,1.0000001,0.0,0.0,0.0
1,2,1,1.0000001,1.0000001,1.0000001,0.0,0.0,0.0
1,2,1,1.0000001,1.0000001,1.0000001,0.0,0.0,0.0
1,2,2,1.0000001,1.0000001,1.0000001,0.0,0.0,0.0
1,2,2,1.0000001,1.0000001,1.0000001,0.0,0.0,0.0
1,2,2,1.0000001,1.0000001,1.0000001,0.0,0.0,0.0
1,2,2,1.0000001,1.0000001,1.0000001,0.0,0.0,0.0
1,2,2,1.0000001,1.0000001,1.0000001,0.0,0.0,0.0
1,2,2,1.0000001,1.0000001,1.0000001,0.0,0.0,0.0
1,2,2,1.0000001,1.0000001,1.0000001,0.0,0.0,0.0
1,2,2,1.0000001,1.0000001,1.0000001,0.0,0.0,0.0
1,2,2,1.0000001,1.0000001,1.0000001,0.0,0.0,0.0
0,0,0,1.0000001,1.0000001,1.0000001,0.0,0.0,0.0
0,0,1,1.0000001,1.0000001,1.0000001,0.0,0.0,0.0
0,0,2,1.0000001,1.0000001,1.0000001,0.0,0.0,0.0
1,1,1,1.0000001,1.0000001,1.0000001,0.0,0.0,0.0
1,1,1,1.0000001,1.0000001,1.0000001,0.0,0.0,0.0
1,1,1,1.0000001,1.0000001,1.0000001,0.0,0.0,0.0
1,1,1,1.0000001,1.0000001,1.0000001,0.0,0.0,0.0
1,1,1,1.0000001,1.0000001,1.0000001,0.0,0.0,0.0
1,1,1,1.0000001,1.0000001,1.0000001,0.0,0.0,0.0
1,1,1,1.0000001,1.0000001,1.0000001,0.0,0.0,0.0
1,1,1,1.0000001,1.0000001,1.0000001,0.0,0.0,0.0
1,1,1,1.0000001,1.0000001,1.0000001,0.0,0.0,0.0
1,1,2,1.0000001,1.0000001,1.0000001,0.0,0.0,0.0
1,1,2,1.0000001,1.0000001,1.0000001,0.0,0.0,0.0
1,1,2,1.0000001,1.0000001,1.0000001,0.0,0.0,0.0
1,1,2,1.0000001,1.0000001,1.0000001,0.0,0.0,0.0
1,1,2,1.0000001,1.0000001,1.0000001,0.0,0.0,0.0
1,1,2,1.0000001,1.0000001,1.0000001,0.0,0.0,0.0
1,1,2,1.0000001,1.0000001,1.0000001,0.0,0.0,0.0
1,1,2,1.0000001,1.0000001,1.0000001,0.0,0.0,0.0
1,1,2,1.0000001,1.0000001,1.0000001,0.0,0.0,0.0
1,2,1,1.0000001,1.0000001,1.0000001,0.0,0.0,0.0
1,2,1,1.0000001,1.0000001,1.0000001,0.0,0.0,0.0
1,2,1,1.0000001,1.0000001,1.0000001,0.0,0.0,0.0
1,2,1,1.0000001,1.0000001,1.0000001,0.0,0.0,0.0
1,2,1,1.0000001,1.0000001,1.0000001,0.0,0.0,0.0
1,2,1,1.0000001,1.0000001,1.0000001,0.0,0.0,0.0
1,2,1,1.0000001,1.0000001,1.0000001,0.0,0.0,0.0
1,2,1,1.0000001,1.0000001,1.0000001,0.0,0.0,0.0
1,2,1,1.0000001,1.0000001,1.0000001,0.0,0.0,0.0
1,2,2,1.0000001,1.0000001,1.0000001,0.0,0.0,0.0
1,2,2,1.0000001,1.0000001,1.0000001,0.0,0.0,0.0
1,2,2,1.0000001,1.0000001,1.0000001,0.0,0.0,0.0
1,2,2,1.0000001,1.0000001,1.0000001,0.0,0.0,0.0
1,2,2,1.0000001,1.0000001,1.0000001,0.0,0.0,0.0
1,2,2,1.0000001,1.0000001,1.0000001,0.0,0.0,0.0
1,2,2,1.0000001,1.0000001,1.0000001,0.0,0.0,0.0
1,2,2,1.0000001,1.0000001,1.0000001,0.0,0.0,0.0
1,2,2,1.0000001,1.0000001,1.0000001,0.0,0.0,0.0
0,0,0,1.0000001,1.0000001,1.0000002,0.0,0.0,0.0
0,0,1,1.0000001,1.0000001,1.0000002,0.0,0.0,0.0
0,0,2,1.0000001,1.0000001,1.0000002,0.0,0.0,0.0
1,1,1,1.0000001,1.0000001,1.0000002,0.0,0.0,0.0
1,1,1,1.0000001,1.0000001,1.0000002,0.0,0.0,0.0
1,1,1,1.0000001,1.0000001,1.0000002,0.0,0.0,0.0
1,1,1,1.0000001,1.0000001,1.0000002,0.0,0.0,0.0
1,1,1,1.0000001,1.0000001,1.0000002,0.0,0.0,0.0
1,1,1,1.0000002,1.0000002,1.0,0.0,0.0,0.0
1,1,1,1.0000002,1.0000002,1.0,0.0,0.0,0.0
1,1,1,1.0000002,1.0000002,1.0,0.0,0.0,0.0
1,1,1,1.0000002,1.0000002,1.0,0.0,0.0,0.0
1,1,2,1.0000002,1.0000002,1.0,0.0,0.0,0.0
1,1,2,1.0000002,1.0000002,1.0,0.0,0.0,0.0
1,1,2,1.0000001,1.0000001,1.0000002,0.0,0.0,0.0
1,1,2,1.0000001,1.0000001,1.0000002,0.0,0.0,0.0
1,1,2,1.0000001,1.0000001,1.0000002,0.0,0.0,0.0
1,1,2,1.0000001,1.0000001,1.0000002,0.0,0.0,0.0
1,1,2,1.0000001,1.0000001,1.0000002,0.0,0.0,0.0
1,1,2,1.0000001,1.0000001,1.0000002,0.0,0.0,0.0
1,1,2,1.0000001,1.0000002,1.0000002,0.0,0.0,0.0
1,2,1,1.0000002,1.0000002,1.0000001,0.0,0.0,0.0
1,2,1,1.0000002,1.0000001,1.0000001,0.0,0.0,0.0
1,2,1,1.0000002,1.0000001,1.0000001,0.0,0.0,0.0
1,2,1,1.0000002,1.0000001,1.0000001,0.0,0.0,0.0
1,2,1,1.0000002,1.0000001,1.0000001,0.0,0.0,0.0
1,2,1,1.0000001,1.0000001,1.0000002,0.0,0.0,0.0
1,2,1,1.0000001,1.0000002,1.0000001,0.0,0.0,0.0
1,2,1,1.0000002,1.0000001,1.0000001,0.0,0.0,0.0
1,2,1,1.0000001,1.0000001,1.0000002,0.0,0.0,0.0
1,2,2,1.0000001,1.0000001,1.0000002,0.0,0.0,0.0
1,2,2,1.0000001,1.0000001,1.0000002,0.0,0.0,0.0
1,2,2,1.0000001,1.0000001,1.0000002,0.0,0.0,0.0
1,2,2,1.0000002,1.0000002,1.0,0.0,0.0,0.0
1,2,2,1.0000001,1.0000001,1.0000002,0.0,0.0,0.0
1,2,2,1.0000001,1.0000001,1.0000002,0.0,0.0,0.0
1,2,2,1.0000001,1.0000001,1.0000002,0.0,0.0,0.0
1,2,2,1.0000001,1.0000001,1.0000002,0.0,0.0,0.0
1,2,2,1.0000001,1.0000001,1.0000002,0.0,0.0,0.0
0,0,0,1.0,1.0,1.0,0.0,0.0,0.0
0,0,1,1.0000001,1.0000001,1.0000001,0.0,0.0,0.0
0,0,2,1.0000001,1.0000001,1.0000001,0.0,0.0,0.0
1,1,1,1.0000001,1.0000001,1.0000001,0.0,0.0,0.0
1,1,1,1.0000001,1.0000001,1.0000001,0.0,0.0,0.0
1,1,1,1.0000001,1.0000001,1.0000001,0.0,0.0,0.0
1,1,1,1.0000001,1.0000001,1.0000001,0.0,0.0,0.0
1,1,1,1.0000001,1.0000001,1.0000001,0.0,0.0,0.0
1,1,1,1.0,1.0000001,1.0000001,0.0,0.0,0.0
1,1,1,1.0,1.0000001,1.0000001,0.0,0.0,0.0
1,1,1,1.0,1.0000001,1.0000001,0.0,0.0,0.0
1,1,1,1.0,1.0000001,1.0000001,0.0,0.0,0.0
1,1,2,1.0,1.0000001,1.0000001,0.0,0.0,0.0
1,1,2,1.0,1.0000001,1.0000001,0.0,0.0,0.0
1,1,2,1.0,1.0000001,1.0000001,0.0,0.0,0.0
1,1,2,1.0,1.0000001,1.0000001,0.0,0.0,0.0
1,1,2,1.0,1.0000001,1.0000001,0.0,0.0,0.0
1,1,2,1.0000001,1.0000001,1.0000001,0.0,0.0,0.0
1,1,2,1.0000001,1.0000001,1.0000001,0.0,0.0,0.0
1,1,2,1.0000001,1.0000001,1.0000001,0.0,0.0,0.0
1,1,2,1.0,1.0,1.0,0.0,0.0,0.0
1,2,1,1.0000001,1.0000001,1.0,0.0,0.0,0.0
1,2,1,1.0,1.0,1.0,0.0,0.0,0.0
1,2,1,1.0,1.0,1.0,0.0,0.0,0.0
1,2,1,1.0,1.0,1.0,0.0,0.0,0.0
1,2,1,1.0,1.0,1.0,0.0,0.0,0.0
1,2,1,1.0,1.0,1.0,0.0,0.0,0.0
1,2,1,1.0,1.0,1.0,0.0,0.0,0.0
1,2,1,1.0,1.0,1.0,0.0,0.0,0.0
1,2,1,1.0,1.0,1.0,0.0,0.0,0.0
1,2,2,1.0,1.0,1.0,0.0,0.0,0.0
1,2,2,1.0,1.0,1.0,0.0,0.0,0.0
1,2,2,1.0000001,1.0000001,1.0000001,0.0,0.0,0.0
1,2,2,1.0000001,1.0,1.0000001,0.0,0.0,0.0
1,2,2,1.0000001,1.0,1.0000001,0.0,0.0,0.0
1,2,2,1.0000001,1.0000001,1.0000001,0.0,0.0,0.0
1,2,2,1.0000001,1.0,1.0000001,0.0,0.0,0.0
1,2,2,1.0000001,1.0,1.0000001,0.0,0.0,0.0
1,2,2,1.0000001,1.0,1.0000001,0.0,0.0,0.0
0,0,0,1.0,1.0,1.0,0.0,0.0,0.0
0,0,1,1.0,1.0,1.0,0.0,0.0,0.0
0,0,2,1.0,1.0,1.0,0.0,0.0,0.0
1,1,1,1.0,1.0,1.0,0.0,0.0,0.0
1,1,1,1.0,1.0,1.0,0.0,0.0,0.0
1,1,1,1.0,1.0,1.0,0.0,0.0,0.0
1,1,1,1.0,1.0,1.0,0.0,0.0,0.0
1,1,1,1.0,1.0,1.0,0.0,0.0,0.0
1,1,1,1.0,1.0,1.0,0.0,0.0,0.0
1,1,1,1.0,1.0,1.0,0.0,0.0,0.0
1,1,1,1.0,1.0,1.0,0.0,0.0,0.0
1,1,1,1.0,1.0,1.0,0.0,0.0,0.0
1,1,2,1.0,1.0,1.0,0.0,0.0,0.0
1,1,2,1.0,1.0,1.0,0.0,0.0,0.0
1,1,2,1.0,1.0,1.0,0.0,0.0,0.0
1,1,2,1.0,1.0,1.0,0.0,0.0,0.0
1,1,2,1.0,1.0,1.0,0.0,0.0,0.0
1,1,2,1.0,1.0,1.0,0.0,0.0,0.0
1,1,2,1.0,1.0,1.0,0.0,0.0,0.0
1,1,2,1.0,1.0,1.0,0.0,0.0,0.0
1,1,2,1.0,1.0,1.0,0.0,0.0,0.0
1,2,1,1.0,1.0,1.0,0.0,0.0,0.0
1,2,1,1.0,1.0,1.0,0.0,0.0,0.0
1,2,1,1.0,1.0,1.0,0.0,0.0,0.0
1,2,1,1.0,1.0,1.0,0.0,0.0,0.0
1,2,1,1.0,1.0,1.0,0.0,0.0,0.0
1,2,1,1.0,1.0,1.0,0.0,0.0,0.0
1,2,1,1.0,1.0,1.0,0.0,0.0,0.0
1,2,1,1.0,1.0,1.0,0.0,0.0,0.0
1,2,1,1.0,1.0,1.0,0.0,0.0,0.0
1,2,2,1.0,1.0,1.0,0.0,0.0,0.0
1,2,2,1.0,1.0,1.0,0.0,0.0,0.0
1,2,2,1.0,1.0,1.0,0.0,0.0,0.0
1,2,2,1.0,1.0,1.0,0.0,0.0,0.0
1,2,2,1.0,1.0,1.0,0.0,0.0,0.0
1,2,2,1.0,1.0,1.0,0.0,0.0,0.0
1,2,2,1.0,1.0,1.0,0.0,0.0,0.0
1,2,2,1.0,1.0,1.0,0.0,0.0,0.0
1,2,2,1.0,1.0,1.0,0.0,0.0,0.0
0,0,0,0.9381897,0.9381897,0.9381897,0.0,0.0,0.0
0,0,1,0.9381897,0.9381897,0.9381897,0.0,0.0,0.0
0,0,2,0.9381897,0.9381897,0.9381897,0.0,0.0,0.0
1,1,1,0.9381897,0.9381897,0.9381897,0.0,0.0,0.0
1,1,1,0.9381897,0.9381897,0.9381897,0.0,0.0,0.0
1,1,1,0.9381897,0.9381897,0.9381897,0.0,0.0,0.0
1,1,1,0.9381897,0.9381897,0.9381897,0.0,0.0,0.0
1,1,1,0.9381897,0.9381897,0.9381897,0.0,0.0,0.0
1,1,1,0.9381897,0.9381897,0.9381897,0.0,0.0,0.0
1,1,1,0.9381897,0.9381897,0.9381897,0.0,0.0,0.0
1,1,1,0.9381897,0.9381897,0.9381897,0.0,0.0,0.0
1,1,1,0.9381897,0.9381897,0.9381897,0.0,0.0,0.0
1,1,2,0.9381897,0.9381897,0.9381897,0.0,0.0,0.0
1,1,2,0.9381897,0.9381897,0.9381897,0.0,0.0,0.0
1,1,2,0.9381897,0.9381897,0.9381897,0.0,0.0,0.0
1,1,2,0.9381897,0.9381897,0.9381897,0.0,0.0,0.0
1,1,2,0.9381897,0.9381897,0.9381897,0.0,0.0,0.0
1,1,2,0.9381897,0.9381897,0.9381897,0.0,0.0,0.0
1,1,2,0.9381897,0.9381897,0.9381897,0.0,0.0,0.0
1,1,2,0.9381897,0.9381897,0.9381897,0.0,0.0,0.0
1,1,2,0.9381897,0.9381897,0.9381897,0.0,0.0,0.0
1,2,1,0.9381897,0.9381897,0.9381897,0.0,0.0,0.0
1,2,1,0.9381897,0.9381897,0.9381897,0.0,0.0,0.0
1,2,1,0.9381897,0.9381897,0.9381897,0.0,0.0,0.0
1,2,1,0.9381897,0.9381897,0.9381897,0.0,0.0,0.0
1,2,1,0.9381897,0.9381897,0.9381897,0.0,0.0,0.0
1,2,1,0.9381897,0.9381897,0.9381897,0.0,0.0,0.0
1,2,1,0.9381897,0.9381897,0.9381897,0.0,0.0,0.0
1,2,1,0.9381897,0.9381897,0.9381897,0.0,0.0,0.0
1,2,1,0.9381897,0.9381897,0.9381897,0.0,0.0,0.0
1,2,2,0.9381897,0.9381897,0.9381897,0.0,0.0,0.0
1,2,2,0.9381897,0.9381897,0.9381897,0.0,0.0,0.0
1,2,2,0.9381897,0.9381897,0.9381897,0.0,0.0,0.0
1,2,2,0.9381897,0.9381897,0.9381897,0.0,0.0,0.0
1,2,2,0.9381897,0.9381897,0.9381897,0.0,0.0,0.0
1,2,2,0.9381897,0.9381897,0.9381897,0.0,0.0,0.0
1,2,2,0.9381897,0.9381897,0.9381897,0.0,0.0,0.0
1,2,2,0.9381897,0.9381897,0.9381897,0.0,0.0,0.0
1,2,2,0.9381897,0.9381897,0.9381897,0.0,0.0,0.0
0,0,0,1.0,1.0,1.0,0.0,0.0,0.0
0,0,1,1.0,1.0,1.0,0.0,0.0,0.0
0,0,2,1.0,1.0,1.0,0.0,0.0,0.0
1,1,1,1.0,1.0,1.0,0.0,0.0,0.0
1,1,1,1.0,1.0,1.0,0.0,0.0,0.0
1,1,1,1.0,1.0,1.0,0.0,0.0,0.0
1,1,1,1.0,1.0,1.0,0.0,0.0,0.0
1,1,1,1.0,1.0,1.0,0.0,0.0,0.0
1,1,1,1.0,1.0,1.0,0.0,0.0,0.0
1,1,1,1.0,1.0,1.0,0.0,0.0,0.0
1,1,1,1.0,1.0,1.0,0.0,0.0,0.0
1,1,1,1.0,1.0,1.0,0.0,0.0,0.0
1,1,2,1.0,1.0,1.0,0.0,0.0,0.0
1,1,2,1.0,1.0,1.0,0.0,0.0,0.0
1,1,2,1.0,1.0,1.0,0.0,0.0,0.0
1,1,2,1.0,1.0,1.0,0.0,0.0,0.0
1,1,2,1.0,1.0,1.0,0.0,0.0,0.0
1,1,2,1.0,1.0,1.0,0.0,0.0,0.0
1,1,2,1.0,1.0,1.0,0.0,0.0,0.0
1,1,2,1.0,1.0,1.0,0.0,0.0,0.0
1,1,2,1.0,1.0,1.0,0.0,0.0,0.0
1,2,1,1.0,1.0,1.0,0.0,0.0,0.0
1,2,1,1.0,1.0,1.0,0.0,0.0,0.0
1,2,1,1.0,1.0,1.0,0.0,0.0,0.0
1,2,1,1.0,1.0,1.0,0.0,0.0,0.0
1,2,1,1.0,1.0,1.0,0.0,0.0,0.0
1,2,1,1.0,1.0,1.0,0.0,0.0,0.0
1,2,1,1.0,1.0,1.0,0.0,0.0,0.0
1,2,1,1.0,1.0,1.0,0.0,0.0,0.0
1,2,1,1.0,1.0,1.0,0.0,0.0,0.0
1,2,2,1.0,1.0,1.0,0.0,0.0,0.0
1,2,2,1.0,1.0,1.0,0.0,0.0,0.0
1,2,2,1.0,1.0,1.0,0.0,0.0,0.0
1,2,2,1.0,1.0,1.0,0.0,0.0,0.0
1,2,2,1.0,1.0,1.0,0.0,0.0,0.0
1,2,2,1.0,1.0,1.0,0.0,0.0,0.0
1,2,2,1.0,1.0,1.0,0.0,0.0,0.0
1,2,2,1.0,1.0,1.0,0.0,0.0,0.0
1,2,2,1.0,1.0,1.0,0.0,0.0,0.0
0,0,0,1.0,1.0,1.0,0.0,0.0,0.0
0,0,1,1.0,1.0,1.0,0.0,0.0,0.0
0,0,2,1.0,1.0,1.0,0.0,0.0,0.0
1,1,1,1.0,1.0,1.0,0.0,0.0,0.0
1,1,1,1.0,1.0,1.0,0.0,0.0,0.0
1,1,1,1.0,1.0,1.0,0.0,0.0,0.0
1,1,1,1.0,1.0,1.0,0.0,0.0,0.0
1,1,1,1.0,1.0,1.0,0.0,0.0,0.0
1,1,1,1.0,1.0,1.0,0.0,0.0,0.0
1,1,1,1.0,1.0,1.0,0.0,0.0,0.0
1,1,1,1.0,1.0,1.0,0.0,0.0,0.0
1,1,1,1.0,1.0,1.0,0.0,0.0,0.0
1,1,2,1.0,1.0,1.0,0.0,0.0,0.0
1,1,2,1.0,1.0,1.0,0.0,0.0,0.0
1,1,2,1.0,1.0,1.0,0.0,0.0,0.0
1,1,2,1.0,1.0,1.0,0.0,0.0,0.0
1,1,2,1.0,1.0,1.0,0.0,0.0,0.0
1,1,2,1.0,1.0,1.0,0.0,0.0,0.0
1,1,2,1.0,1.0,1.0,0.0,0.0,0.0
1,1,2,1.0,1.0,1.0,0.0,0.0,0.0
1,1,2,1.0,1.0,1.0,0.0,0.0,0.0
1,2,1,1.0,1.0,1.0,0.0,0.0,0.0
1,2,1,1.0,1.0,1.0,0.0,0.0,0.0
1,2,1,1.0,1.0,1.0,0.0,0.0,0.0
1,2,1,1.0,1.0,1.0,0.0,0.0,0.0
1,2,1,1.0,1.0,1.0,0.0,0.0,0.0
1,2,1,1.0,1.0,1.0,0.0,0.0,0.0
1,2,1,1.0,1.0,1.0,0.0,0.0,0.0
1,2,1,1.0,1.0,1.0,0.0,0.0,0.0
1,2,1,1.0,1.0,1.0,0.0,0.0,0.0
1,2,2,1.0,1.0,1.0,0.0,0.0,0.0
1,2,2,1.0,1.0,1.0,0.0,0.0,0.0
1,2,2,1.0,1.0,1.0,0.0,0.0,0.0
1,2,2,1.0,1.0,1.0,0.0,0.0,0.0
1,2,2,1.0,1.0,1.0,0.0,0.0,0.0
1,2,2,1.0,1.0,1.0,0.0,0.0,0.0
1,2,2,1.0,1.0,1.0,0.0,0.0,0.0
1,2,2,1.0,1.0,1.0,0.0,0.0,0.0
1,2,2,1.0,1.0,1.0,0.0,0.0,0.0
0,0,0,1.0,1.0,1.0,0.0,0.0,0.0
0,0,1,1.0,1.0,1.0,0.0,0.0,0.0
0,0,2,1.0,1.0,1.0,0.0,0.0,0.0
1,1,1,1.0,1.0,1.0,0.0,0.0,0.0
1,1,1,1.0,1.0,1.0,0.0,0.0,0.0
1,1,1,1.0,1.0,1.0,0.0,0.0,0.0
1,1,1,1.0,1.0,1.0,0.0,0.0,0.0
1,1,1,1.0,1.0,1.0,0.0,0.0,0.0
1,1,1,1.0,1.0,1.0,0.0,0.0,0.0
1,1,1,1.0,1.0,1.0,0.0,0.0,0.0
1,1,1,1.0,1.0,1.0,0.0,0.0,0.0
1,1,1,1.0,1.0,1.0,0.0,0.0,0.0
1,1,2,1.0,1.0,1.0,0.0,0.0,0.0
1,1,2,1.0,1.0,1.0,0.0,0.0,0.0
1,1,2,1.0,1.0,1.0,0.0,0.0,0.0
1,1,2,1.0,1.0,1.0,0.0,0.0,0.0
1,1,2,1.0,1.0,1.0,0.0,0.0,0.0
1,1,2,1.0,1.0,1.0,0.0,0.0,0.0
1,1,2,1.0,1.0,1.0,0.0,0.0,0.0
1,1,2,1.0,1.0,1.0,0.0,0.0,0.0
1,1,2,1.0,1.0,1.0,0.0,0.0,0.0
1,2,1,1.0,1.0,1.0,0.0,0.0,0.0
1,2,1,1.0,1.0,1.0,0.0,0.0,0.0
1,2,1,1.0,1.0,1.0,0.0,0.0,0.0
1,2,1,1.0,1.0,1.0,0.0,0.0,0.0
1,2,1,1.0,1.0,1.0,0.0,0.0,0.0
1,2,1,1.0,1.0,1.0,0.0,0.0,0.0
1,2,1,1.0,1.0,1.0,0.0,0.0,0.0
1,2,1,1.0,1.0,1.0,0.0,0.0,0.0
1,2,1,1.0,1.0,1.0,0.0,0.0,0.0
1,2,2,1.0,1.0,1.0,0.0,0.0,0.0
1,2,2,1.0,1.0,1.0,0.0,0.0,0.0
1,2,2,1.0,1.0,1.0,0.0,0.0,0.0
1,2,2,1.0,1.0,1.0,0.0,0.0,0.0
1,2,2,1.0,1.0,1.0,0.0,0.0,0.0
1,2,2,1.0,1.0,1.0,0.0,0.0,0.0
1,2,2,1.0,1.0,1.0,0.0,0.0,0.0
1,2,2,1.0,1.0,1.0,0.0,0.0,0.0
1,2,2,1.0,1.0,1.0,0.0,0.0,0.0
0,0,0,1.0,1.0,1.0,0.0,0.0,0.0
0,0,1,1.0,1.0,1.0,0.0,0.0,0.0
0,0,2,1.0,1.0,1.0,0.0,0.0,0.0
1,1,1,1.0,1.0,1.0,0.0,0.0,0.0
1,1,1,1.0,1.0,1.0,0.0,0.0,0.0
1,1,1,1.0,1.0,1.0,0.0,0.0,0.0
1,1,1,1.0,1.0,1.0,0.0,0.0,0.0
1,1,1,1.0,1.0,1.0,0.0,0.0,0.0
1,1,1,1.0,1.0,1.0,0.0,0.0,0.0
1,1,1,1.0,1.0,1.0,0.0,0.0,0.0
1,1,1,1.0,1.0,1.0,0.0,0.0,0.0
1,1,1,1.0,1.0,1.0,0.0,0.0,0.0
1,1,2,1.0,1.0,1.0,0.0,0.0,0.0
1,1,2,1.0,1.0,1.0,0.0,0.0,0.0
1,1,2,1.0,1.0,1.0,0.0,0.0,0.0
1,1,2,1.0,1.0,1.0,0.0,0.0,0.0
1,1,2,1.0,1.0,1.0,0.0,0.0,0.0
1,1,2,1.0,1.0,1.0,0.0,0.0,0.0
1,1,2,1.0,1.0,1.0,0.0,0.0,0.0
1,1,2,1.0,1.0,1.0,0.0,0.0,0.0
1,1,2,1.0,1.0,1.0,0.0,0.0,0.0
1,2,1,1.0,1.0,1.0,0.0,0.0,0.0
1,2,1,1.0,1.0,1.0,0.0,0.0,0.0
1,2,1,1.0,1.0,1.0,0.0,0.0,0.0
1,2,1,1.0,1.0,1.0,0.0,0.0,0.0
1,2,1,1.0,1.0,1.0,0.0,0.0,0.0
1,2,1,1.0,1.0,1.0,0.0,0.0,0.0
1,2,1,1.0,1.0,1.0,0.0,0.0,0.0
1,2,1,1.0,1.0,1.0,0.0,0.0,0.0
1,2,1,1.0,1.0,1.0,0.0,0.0,0.0
1,2,2,1.0,1.0,1.0,0.0,0.0,0.0
1,2,2,1.0,1.0,1.0,0.0,0.0,0.0
1,2,2,1.0,1.0,1.0,0.0,0.0,0.0
1,2,2,1.0,1.0,1.0,0.0,0.0,0.0
1,2,2,1.0,1.0,1.0,0.0,0.0,0.0
1,2,2,1.0,1.0,1.0,0.0,0.0,0.0
1,2,2,1.0,1.0,1.0,0.0,0.0,0.0
1,2,2,1.0,1.0,1.0,0.0,0.0,0.0
1,2,2,1.0,1.0,1.0,0.0,0.0,0.0
0,0,0,1.0000001,1.0000001,1.0000001,0.0,0.0,0.0
0,0,1,1.0000001,1.0000001,1.0000001,0.0,0.0,0.0
0,0,2,1.0000001,1.0000001,1.0000001,0.0,0.0,0.0
1,1,1,1.0000001,1.0000001,1.0000001,0.0,0.0,0.0
1,1,1,1.0000001,1.0000001,1.0000001,0.0,0.0,0.0
1,1,1,1.0000001,1.0000001,1.0000001,0.0,0.0,0.0
1,1,1,1.0000001,1.0000001,1.0000001,0.0,0.0,0.0
1,1,1,1.0000001,1.0000001,1.0000001,0.0,0.0,0.0
1,1,1,1.0000001,1.0000001,1.0000001,0.0,0.0,0.0
1,1,1,1.0000001,1.0000001,1.0000001,0.0,0.0,0.0
1,1,1,1.0000001,1.0000001,1.0000001,0.0,0.0,0.0
1,1,1,1.0000001,1.0000001,1.0000001,0.0,0.0,0.0
1,1,2,1.0000001,1.0000001,1.0000001,0.0,0.0,0.0
1,1,2,1.0000001,1.0000001,1.0000001,0.0,0.0,0.0
1,1,2,1.0000001,1.0000001,1.0000001,0.0,0.0,0.0
1,1,2,1.0000001,1.0000001,1.0000001,0.0,0.0,0.0
1,1,2,1.0000001,1.0000001,1.0000001,0.0,0.0,0.0
1,1,2,1.0000001,1.0000001,1.0000001,0.0,0.0,0.0
1,1,2,1.0000001,1.0000001,1.0000001,0.0,0.0,0.0
1,1,2,1.0000001,1.0000001,1.0000001,0.0,0.0,0.0
1,1,2,1.0000001,1.0000001,1.0000001,0.0,0.0,0.0
1,2,1,1.0000001,1.0000001,1.0000001,0.0,0.0,0.0
1,2,1,1.0000001,1.0000001,1.0000001,0.0,0.0,0.0
1,2,1,1.0000001,1.0000001,1.0000001,0.0,0.0,0.0
1,2,1,1.0000001,1.0000001,1.0000001,0.0,0.0,0.0
1,2,1,1.0000001,1.0000001,1.0000001,0.0,0.0,0.0
1,2,1,1.0000001,1.0000001,1.0000001,0.0,0.0,0.0
1,2,1,1.0000001,1.0000001,1.0000001,0.0,0.0,0.0
1,2,1,1.0000001,1.0000001,1.0000001,0.0,0.0,0.0
1,2,1,1.0000001,1.0000001,1.0000001,0.0,0.0,0.0
1,2,2,1.0000001,1.0000001,1.0000001,0.0,0.0,0.0
1,2,2,1.0000001,1.0000001,1.0000001,0.0,0.0,0.0
1,2,2,1.0000001,1.0000001,1.0000001,0.0,0.0,0.0
1,2,2,1.0000001,1.0000001,1.0000001,0.0,0.0,0.0
1,2,2,1.0000001,1.0000001,1.0000001,0.0,0.0,0.0
1,2,2,1.0000001,1.0000001,1.0000001,0.0,0.0,0.0
1,2,2,1.0000001,1.0000001,1.0000001,0.0,0.0,0.0
1,2,2,1.0000001,1.0000001,1.0000001,0.0,0.0,0.0
1,2,2,1.0000001,1.0000001,1.0000001,0.0,0.0,0.0
0,0,0,1.0000001,1.0000001,1.0000001,0.0,0.0,0.0
0,0,1,1.0000001,1.0000001,1.0000001,0.0,0.0,0.0
0,0,2,1.0000001,1.0000001,1.0000001,0.0,0.0,0.0
1,1,1,1.0000001,1.0000001,1.0000001,0.0,0.0,0.0
1,1,1,1.0000001,1.0000001,1.0000001,0.0,0.0,0.0
1,1,1,1.0000001,1.0000001,1.0000001,0.0,0.0,0.0
1,1,1,1.0000001,1.0000001,1.0000001,0.0,0.0,0.0
1,1,1,1.0000001,1.0000001,1.0000001,0.0,0.0,0.0
1,1,1,1.0000001,1.0000001,1.0000001,0.0,0.0,0.0
1,1,1,1.0000001,1.0000001,1.0000001,0.0,0.0,0.0
1,1,1,1.0000001,1.0000001,1.0000001,0.0,0.0,0.0
1,1,1,1.0000001,1.0000001,1.0000001,0.0,0.0,0.0
1,1,2,1.0000001,1.0000001,1.0000001,0.0,0.0,0.0
1,1,2,1.0000001,1.0000001,1.0000001,0.0,0.0,0.0
1,1,2,1.0000001,1.0000001,1.0000001,0.0,0.0,0.0
1,1,2,1.0000001,1.0000001,1.0000001,0.0,0.0,0.0
1,1,2,1.0000001,1.0000001,1.0000001,0.0,0.0,0.0
1,1,2,1.0000001,1.0000001,1.0000001,0.0,0.0,0.0
1,1,2,1.0000001,1.0000001,1.0000001,0.0,0.0,0.0
1,1,2,1.0000001,1.0000001,1.0000001,0.0,0.0,0.0
1,1,2,1.0000001,1.0000001,1.0000001,0.0,0.0,0.0
1,2,1,1.0000001,1.0000001,1.0000001,0.0,0.0,0.0
1,2,1,1.0000001,1.0000001,1.0000001,0.0,0.0,0.0
1,2,1,1.0000001,1.0000001,1.0000001,0.0,0.0,0.0
1,2,1,1.0000001,1.0000001,1.0000001,0.0,0.0,0.0
1,2,1,1.0000001,1.0000001,1.0000001,0.0,0.0,0.0
1,2,1,1.0000001,1.0000001,1.0000001,0.0,0.0,0.0
1,2,1,1.0000001,1.0000001,1.0000001,0.0,0.0,0.0
1,2,1,1.0000001,1.0000001,1.0000001,0.0,0.0,0.0
1,2,1,1.0000001,1.0000001,1.0000001,0.0,0.0,0.0
1,2,2,1.0000001,1.0000001,1.0000001,0.0,0.0,0.0
1,2,2,1.0000001,1.0000001,1.0000001,0.0,0.0,0.0
1,2,2,1.0000001,1.0000001,1.0000001,0.0,0.0,0.0
1,2,2,1.0000001,1.0000001,1.0000001,0.0,0.0,0.0
1,2,2,1.0000001,1.0000001,1.0000001,0.0,0.0,0.0
1,2,2,1.0000001,1.0000001,1.0000001,0.0,0.0,0.0
1,2,2,1.0000001,1.0000001,1.0000001,0.0,0.0,0.0
1,2,2,1.0000001,1.0000001,1.0000001,0.0,0.0,0.0
1,2,2,1.0000001,1.0000001,1.0000001,0.0,0.0,0.0
0,0,0,1.0000002,1.0000002,1.0000002,0.0,0.0,0.0
0,0,1,1.0000002,1.0000002,1.0000002,0.0,0.0,0.0
0,0,2,1.0000002,1.0000002,1.0000002,0.0,0.0,0.0
1,1,1,1.0000002,1.0000002,1.0000002,0.0,0.0,0.0
1,1,1,1.0000002,1.0000002,1.0000002,0.0,0.0,0.0
1,1,1,1.0000002,1.0000002,1.0000002,0.0,0.0,0.0
1,1,1,1.0000002,1.0000002,1.0000002,0.0,0.0,0.0
1,1,1,1.0000002,1.0000002,1.0000002,0.0,0.0,0.0
1,1,1,1.0000002,1.0000002,1.0000002,0.0,0.0,0.0
1,1,1,1.0000002,1.0000002,1.0000002,0.0,0.0,0.0
1,1,1,1.0000002,1.0000002,1.0000002,0.0,0.0,0.0
1,1,1,1.0000002,1.0000002,1.0000002,0.0,0.0,0.0
1,1,2,1.0000002,1.0000002,1.0000002,0.0,0.0,0.0
1,1,2,1.0000002,1.0000002,1.0000002,0.0,0.0,0.0
1,1,2,1.0000002,1.0000002,1.0000002,0.0,0.0,0.0
1,1,2,1.0000002,1.0000002,1.0000002,0.0,0.0,0.0
1,1,2,1.0000002,1.0000002,1.0000002,0.0,0.0,0.0
1,1,2,1.0000002,1.0000002,1.0000002,0.0,0.0,0.0
1,1,2,1.0000002,1.0000002,1.0000002,0.0,0.0,0.0
1,1,2,1.0000002,1.0000002,1.0000002,0.0,0.0,0.0
1,1,2,1.0000002,1.0000002,1.0000002,0.0,0.0,0.0
1,2,1,1.0000002,1.0000001,1.0000002,0.0,0.0,0.0
1,2,1,1.0000002,1.0000001,1.0000002,0.0,0.0,0.0
1,2,1,1.0000002,1.0000001,1.0000002,0.0,0.0,0.0
1,2,1,1.0000002,1.0000001,1.0000002,0.0,0.0,0.0
1,2,1,1.0000002,1.0000002,1.0000002,0.0,0.0,0.0
1,2,1,1.0000002,1.0000002,1.0000002,0.0,0.0,0.0
1,2,1,1.0000002,1.0000002,1.0000002,0.0,0.0,0.0
1,2,1,1.0000002,1.0000002,1.0000002,0.0,0.0,0.0
1,2,1,1.0000002,1.0000002,1.0000002,0.0,0.0,0.0
1,2,2,1.0000002,1.0000002,1.0000002,0.0,0.0,0.0
1,2,2,1.0000002,1.0000002,1.0000002,0.0,0.0,0.0
1,2,2,1.0000002,1.0000002,1.0000002,0.0,0.0,0.0
1,2,2,1.0000002,1.0000002,1.0000002,0.0,0.0,0.0
1,2,2,1.0000002,1.0000002,1.0000002,0.0,0.0,0.0
1,2,2,1.0000002,1.0000002,1.0000002,0.0,0.0,0.0
1,2,2,1.0000002,1.0000002,1.0000002,0.0,0.0,0.0
1,2,2,1.0000002,1.0000002,1.0000002,0.0,0.0,0.0
1,2,2,1.0000002,1.0000002,1.0000002,0.0,0.0,0.0
0,0,0,1.0000001,1.0000001,1.0000001,0.0,0.0,0.0
0,0,1,1.0000001,1.0000001,1.0000001,0.0,0.0,0.0
0,0,2,1.0000001,1.0000001,1.0000001,0.0,0.0,0.0
1,1,1,1.0000001,1.0000001,1.0000001,0.0,0.0,0.0
1,1,1,1.0000001,1.0000001,1.0000001,0.0,0.0,0.0
1,1,1,1.0000001,1.0000001,1.0000001,0.0,0.0,0.0
1,1,1,1.0000001,1.0000001,1.0000001,0.0,0.0,0.0
1,1,1,1.0000001,1.0000001,1.0000001,0.0,0.0,0.0
1,1,1,1.0000001,1.0000001,1.0000001,0.0,0.0,0.0
1,1,1,1.0000001,1.0000001,1.0000001,0.0,0.0,0.0
1,1,1,1.0000001,1.0000001,1.0000001,0.0,0.0,0.0
1,1,1,1.0000001,1.0000001,1.0000001,0.0,0.0,0.0
1,1,2,1.0000001,1.0000001,1.0000001,0.0,0.0,0.0
1,1,2,1.0000001,1.0000001,1.0000001,0.0,0.0,0.0
1,1,2,1.0000001,1.0000001,1.0000001,0.0,0.0,0.0
1,1,2,1.0000001,1.0000001,1.0000001,0.0,0.0,0.0
1,1,2,1.0000001,1.0000001,1.0000001,0.0,0.0,0.0
1,1,2,1.0000001,1.0000001,1.0000001,0.0,0.0,0.0
1,1,2,1.0000001,1.0000001,1.0000001,0.0,0.0,0.0
1,1,2,1.0000001,1.0000001,1.0000001,0.0,0.0,0.0
1,1,2,1.0000001,1.0000001,1.0000001,0.0,0.0,0.0
1,2,1,1.0000001,1.0000001,1.0000001,0.0,0.0,0.0
1,2,1,1.0000001,1.0000001,1.0000001,0.0,0.0,0.0
1,2,1,1.0000001,1.0000001,1.0000001,0.0,0.0,0.0
1,2,1,1.0000001,1.0000001,1.0000001,0.0,0.0,0.0
1,2,1,1.0000001,1.0000001,1.0000001,0.0,0.0,0.0
1,2,1,1.0000001,1.0000001,1.0000001,0.0,0.0,0.0
1,2,1,1.0000001,1.0000001,1.0000001,0.0,0.0,0.0
1,2,1,1.0000001,1.0000001,1.0000001,0.0,0.0,0.0
1,2,1,1.0000001,1.0000001,1.0000001,0.0,0.0,0.0
1,2,2,1.0000001,1.0000001,1.0000001,0.0,0.0,0.0
1,2,2,1.0000001,1.0000001,1.0000001,0.0,0.0,0.0
1,2,2,1.0000001,1.0000001,1.0000001,0.0,0.0,0.0
1,2,2,1.0000001,1.0000001,1.0000001,0.0,0.0,0.0
1,2,2,1.0000001,1.0000001,1.0000001,0.0,0.0,0.0
1,2,2,1.0000001,1.0000001,1.0000001,0.0,0.0,0.0
1,2,2,1.0000001,1.0000001,1.0000001,0.0,0.0,0.0
1,2,2,1.0000001,1.0000001,1.0000001,0.0,0.0,0.0
1,2,2,1.0000001,1.0000001,1.0000001,0.0,0.0,0.0
0,0,0,1.0,1.0,1.0,0.0,0.0,0.0
0,0,1,1.0,1.0,1.0,0.0,0.0,0.0
0,0,2,1.0,1.0,1.0,0.0,0.0,0.0
1,1,1,1.0,1.0,1.0,0.0,0.0,0.0
1,1,1,1.0,1.0,1.0,0.0,0.0,0.0
1,1,1,1.0,1.0,1.0,0.0,0.0,0.0
1,1,1,1.0,1.0,1.0,0.0,0.0,0.0
1,1,1,1.0,1.0,1.0,0.0,0.0,0.0
1,1,1,1.0,1.0,1.0,0.0,0.0,0.0
1,1,1,1.0,1.0,1.0,0.0,0.0,0.0
1,1,1,1.0,1.0,1.0,0.0,0.0,0.0
1,1,1,1.0,1.0,1.0,0.0,0.0,0.0
1,1,2,1.0,1.0,1.0,0.0,0.0,0.0
1,1,2,1.0,1.0,1.0,0.0,0.0,0.0
1,1,2,1.0,1.0,1.0,0.0,0.0,0.0
1,1,2,1.0,1.0,1.0,0.0,0.0,0.0
1,1,2,1.0,1.0,1.0,0.0,0.0,0.0
1,1,2,1.0,1.0,1.0,0.0,0.0,0.0
1,1,2,1.0,1.0,1.0,0.0,0.0,0.0
1,1,2,1.0,1.0,1.0,0.0,0.0,0.0
1,1,2,1.0,1.0,1.0,0.0,0.0,0.0
1,2,1,1.0,1.0,1.0,0.0,0.0,0.0
1,2,1,1.0,1.0,1.0,0.0,0.0,0.0
1,2,1,1.0,1.0,1.0,0.0,0.0,0.0
1,2,1,1.0,1.0,1.0,0.0,0.0,0.0
1,2,1,1.0,1.0,1.0,0.0,0.0,0.0
1,2,1,1.0,1.0,1.0,0.0,0.0,0.0
1,2,1,1.0,1.0,1.0,0.0,0.0,0.0
1,2,1,1.0,1.0,1.0,0.0,0.0,0.0
1,2,1,1.0,1.0,1.0,0.0,0.0,0.0
1,2,2,1.0,1.0,1.0,0.0,0.0,0.0
1,2,2,1.0,1.0,1.0,0.0,0.0,0.0
1,2,2,1.0,1.0,1.0,0.0,0.0,0.0
1,2,2,1.0,1.0,1.0,0.0,0.0,0.0
1,2,2,1.0,1.0,1.0,0.0,0.0,0.0
1,2,2,1.0,1.0,1.0,0.0,0.0,0.0
1,2,2,1.0,1.0,1.0,0.0,0.0,0.0
1,2,2,1.0,1.0,1.0,0.0,0.0,0.0
1,2,2,1.0,1.0,1.0,0.0,0.0,0.0
0,0,0,1.0,1.0,1.0,0.0,0.0,0.0
0,0,1,1.0,1.0,1.0,0.0,0.0,0.0
0,0,2,1.0,1.0,1.0,0.0,0.0,0.0
1,1,1,1.0,1.0,1.0,0.0,0.0,0.0
1,1,1,1.0,1.0,1.0,0.0,0.0,0.0
1,1,1,1.0,1.0,1.0,0.0,0.0,0.0
1,1,1,1.0,1.0,1.0,0.0,0.0,0.0
1,1,1,1.0,1.0,1.0,0.0,0.0,0.0
1,1,1,1.0,1.0,1.0,0.0,0.0,0.0
1,1,1,1.0,1.0,1.0,0.0,0.0,0.0
1,1,1,1.0,1.0,1.0,0.0,0.0,0.0
1,1,1,1.0,1.0,1.0,0.0,0.0,0.0
1,1,2,1.0,1.0,1.0,0.0,0.0,0.0
1,1,2,1.0,1.0,1.0,0.0,0.0,0.0
1,1,2,1.0,1.0,1.0,0.0,0.0,0.0
1,1,2,1.0,1.0,1.0,0.0,0.0,0.0
1,1,2,1.0,1.0,1.0,0.0,0.0,0.0
1,1,2,1.0,1.0,1.0,0.0,0.0,0.0
1,1,2,1.0,1.0,1.0,0.0,0.0,0.0
1,1,2,1.0,1.0,1.0,0.0,0.0,0.0
1,1,2,1.0,1.0,1.0,0.0,0.0,0.0
1,2,1,1.0,1.0,1.0,0.0,0.0,0.0
1,2,1,1.0,1.0,1.0,0.0,0.0,0.0
1,2,1,1.0,1.0,1.0,0.0,0.0,0.0
1,2,1,1.0,1.0,1.0,0.0,0.0,0.0
1,2,1,1.0,1.0,1.0,0.0,0.0,0.0
1,2,1,1.0,1.0,1.0,0.0,0.0,0.0
1,2,1,1.0,1.0,1.0,0.0,0.0,0.0
1,2,1,1.0,1.0,1.0,0.0,0.0,0.0
1,2,1,1.0,1.0,1.0,0.0,0.0,0.0
1,2,2,1.0,1.0,1.0,0.0,0.0,0.0
1,2,2,1.0,1.0,1.0,0.0,0.0,0.0
1,2,2,1.0,1.0,1.0,0.0,0.0,0.0
1,2,2,1.0,1.0,1.0,0.0,0.0,0.0
1,2,2,1.0,1.0,1.0,0.0,0.0,0.0
1,2,2,1.0,1.0,1.0,0.0,0.0,0.0
1,2,2,1.0,1.0,1.0,0.0,0.0,0.0
1,2,2,1.0,1.0,1.0,0.0,0.0,0.0
1,2,2,1.0,1.0,1.0,0.0,0.0,0.0
0,0,0,1.0,1.0,1.0,0.0,0.0,0.0
0,0,1,1.0,1.0,1.0,0.0,0.0,0.0
0,0,2,1.0,1.0,1.0,0.0,0.0,0.0
1,1,1,1.0,1.0,1.0,0.0,0.0,0.0
1,1,1,1.0,1.0,1.0,0.0,0.0,0.0
1,1,1,1.0,1.0,1.0,0.0,0.0,0.0
1,1,1,1.0,1.0,1.0,0.0,0.0,0.0
1,1,1,1.0,1.0,1.0,0.0,0.0,0.0
1,1,1,1.0,1.0,1.0,0.0,0.0,0.0
1,1,1,1.0,1.0,1.0,0.0,0.0,0.0
1,1,1,1.0,1.0,1.0,0.0,0.0,0.0
1,1,1,1.0,1.0,1.0,0.0,0.0,0.0
1,1,2,1.0,1.0,1.0,0.0,0.0,0.0
1,1,2,1.0,1.0,1.0,0.0,0.0,0.0
1,1,2,1.0,1.0,1.0,0.0,0.0,0.0
1,1,2,1.0,1.0,1.0,0.0,0.0,0.0
1,1,2,1.0,1.0,1.0,0.0,0.0,0.0
1,1,2,1.0,1.0,1.0,0.0,0.0,0.0
1,1,2,1.0,1.0,1.0,0.0,0.0,0.0
1,1,2,1.0,1.0,1.0,0.0,0.0,0.0
1,1,2,1.0,1.0,1.0,0.0,0.0,0.0
1,2,1,1.0,1.0,1.0,0.0,0.0,0.0
1,2,1,1.0,1.0,1.0,0.0,0.0,0.0
1,2,1,1.0,1.0,1.0,0.0,0.0,0.0
1,2,1,1.0,1.0,1.0,0.0,0.0,0.0
1,2,1,1.0,1.0,1.0,0.0,0.0,0.0
1,2,1,1.0,1.0,1.0,0.0,0.0,0.0
1,2,1,1.0,1.0,1.0,0.0,0.0,0.0
1,2,1,1.0,1.0,1.0,0.0,0.0,0.0
1,2,1,1.0,1.0,1.0,0.0,0.0,0.0
1,2,2,1.0,1.0,1.0,0.0,0.0,0.0
1,2,2,1.0,1.0,1.0,0.0,0.0,0.0
1,2,2,1.0,1.0,1.0,0.0,0.0,0.0
1,2,2,1.0,1.0,1.0,0.0,0.0,0.0
1,2,2,1.0,1.0,1.0,0.0,0.0,0.0
1,2,2,1.0,1.0,1.0,0.0,0.0,0.0
1,2,2,1.0,1.0,1.0,0.0,0.0,0.0
1,2,2,1.0,1.0,1.0,0.0,0.0,0.0
1,2,2,1.0,1.0,1.0,0.0,0.0,0.0
0,0,0,1.0000001,1.0000001,1.0000001,0.0,0.0,0.0
0,0,1,1.0000001,1.0000001,1.0000001,0.0,0.0,0.0
0,0,2,1.0000001,1.0000001,1.0000001,0.0,0.0,0.0
1,1,1,1.0000001,1.0000001,1.0000001,0.0,0.0,0.0
1,1,1,1.0000001,1.0000001,1.0000001,0.0,0.0,0.0
1,1,1,1.0000001,1.0000001,1.0000001,0.0,0.0,0.0
1,1,1,1.0000001,1.0000001,1.0000001,0.0,0.0,0.0
1,1,1,1.0000001,1.0000001,1.0000001,0.0,0.0,0.0
1,1,1,1.0000001,1.0000001,1.0000001,0.0,0.0,0.0
1,1,1,1.0000001,1.0000001,1.0000001,0.0,0.0,0.0
1,1,1,1.0000001,1.0000001,1.0000001,0.0,0.0,0.0
1,1,1,1.0000001,1.0000001,1.0000001,0.0,0.0,0.0
1,1,2,1.0000001,1.0000001,1.0000001,0.0,0.0,0.0
1,1,2,1.0000001,1.0000001,1.0000001,0.0,0.0,0.0
1,1,2,1.0000001,1.0000001,1.0000001,0.0,0.0,0.0
1,1,2,1.0000001,1.0000001,1.0000001,0.0,0.0,0.0
1,1,2,1.0000001,1.0000001,1.0000001,0.0,0.0,0.0
1,1,2,1.0000001,1.0000001,1.0000001,0.0,0.0,0.0
1,1,2,1.0000001,1.0000001,1.0000001,0.0,0.0,0.0
1,1,2,1.0000001,1.0000001,1.0000001,0.0,0.0,0.0
1,1,2,1.0000001,1.0000001,1.0000001,0.0,0.0,0.0
1,2,1,1.0000001,1.0000001,1.0000001,0.0,0.0,0.0
1,2,1,1.0000001,1.0000001,1.0000001,0.0,0.0,0.0
1,2,1,1.0000001,1.0000001,1.0000001,0.0,0.0,0.0
1,2,1,1.0000001,1.0000001,1.0000001,0.0,0.0,0.0
1,2,1,1.0000001,1.0000001,1.0000001,0.0,0.0,0.0
1,2,1,1.0000001,1.0000001,1.0000001,0.0,0.0,0.0
1,2,1,1.0000001,1.0000001,1.0000001,0.0,0.0,0.0
1,2,1,1.0000001,1.0000001,1.0000001,0.0,0.0,0.0
1,2,1,1.0000001,1.0000001,1.0000001,0.0,0.0,0.0
1,2,2,1.0000001,1.0000001,1.0000001,0.0,0.0,0.0
1,2,2,1.0000001,1.0000001,1.0000001,0.0,0.0,0.0
1,2,2,1.0000001,1.0000001,1.0000001,0.0,0.0,0.0
1,2,2,1.0000001,1.0000001,1.0000001,0.0,0.0,0.0
1,2,2,1.0000001,1.0000001,1.0000001,0.0,0.0,0.0
1,2,2,1.0000001,1.0000001,1.0000001,0.0,0.0,0.0
1,2,2,1.0000001,1.0000001,1.0000001,0.0,0.0,0.0
1,2,2,1.0000001,1.0000001,1.0000001,0.0,0.0,0.0
1,2,2,1.0000001,1.0000001,1.0000001,0.0,0.0,0.0
